id,CH4_x,CH4_y,CH3O2NO2_x,CH3O2NO2_y,H2_x,H2_y,N2O5_x,N2O5_y,H2O2_x,H2O2_y,CH3OH_x,CH3OH_y,HONO_x,HONO_y,CO_x,CO_y,HO2NO2_x,HO2NO2_y,CH3O_x,CH3O_y,CH3NO3_x,CH3NO3_y,HNO3_x,HNO3_y,CH3OOH_x,CH3OOH_y,HCHO_x,HCHO_y,CH3O2_x,CH3O2_y,NO3_x,NO3_y,OH_x,OH_y,NO2_x,NO2_y,NO_x,NO_y,O3_x,O3_y,HO2_x,HO2_y,
#0,0.3076878131972491,0.15424995808215905,0.6044689822017862,0,0,0.4803685016204772,1,0.9371311172236045,0.2232666448549879,0.37282308856570084,0.5158711675331802,0.5139668992173276,0.4609681990651202,0.5904498402833621,0.29312766548413755,0.7192497667501689,0.4243679771035385,0.014601047908736463,0.3675172907231333,0.7583906089603867,0.5557066327649095,0.3985767080620878,0.28601260676024004,0.6071512386494289,0.5459075997178076,0.6200426501385593,0.6363965133746999,0.5508700499115604,0.46301417021281327,0.4579833080476977,0.41156574890498576,1,0.6113607320505124,0.7097615759596763,0.6751453885281741,0.36952816714951625,0.28969559295017827,0.45097668144120556,0.17899460502077996,0.6498887822461765,0.38249385978235284,0.48795647854096674,
#1,0.381752014321968,0.09417936762739013,0.6666310439349263,0,0.08576120129719075,0.9086219309395427,0,0.5239712061006149,0.23318142239213724,0.7430094926704447,0.5352106329777897,0.5270763194592281,0.5194502901783673,0.6129774395263083,0.7317010469385791,0.8376244864713149,0.28732381393574846,0.20337744905280522,0.637657183318481,0.7404724060651807,0.6131878831778635,0.34834459869551204,1,0.8114251129914787,0.6295765569003128,0.5650422913498796,0.6973708957408534,0.4610631299548126,0.48573881810160613,0.42450007848515936,0.47657409615783713,1,0.7528513680228096,0.6159049719057158,0.8033260282571213,0.37977409573832877,0.3254952458323616,0.45989897332237245,0.9198702652185079,0.8617442168003225,0.417393960204858,0.6335540478909956,
#2,0,0.2974450077809671,0.41137379050236034,0,0.9410897938765145,0.7355783776905823,0.928861290599861,0.9820992348831048,0.7498563283223805,0.6017295151060281,0.4377137167607524,0.5472875719976377,0.370287663256432,0.3526030407384968,0.5892156542808303,0.8706815076615404,1,0.46431884906125087,0.21072752417037177,0.74114566362149,0.4421059465180675,0.4047681906700282,0.6666373620867578,0.780960577367244,0.4129799396511832,0.6007034315070305,0.3405659232688014,0.5291404524492814,0.30417957911204313,0.4124000256275023,0.34897294974414667,1,0.3540566962526171,0.6795194756184468,0.6106356943790658,0.37221193560232035,0.22798910007423787,0.4533137429647,0.7588786364006674,0.8672960820456245,0.5863084788536631,0.6504635087688856,
#3,0.9087560274139189,0.3223730142816246,0.6569999416364019,0,0.07057057384898932,0.2384786297967122,0,0.5504027863437779,0.20586988006628767,0.42699292099846264,0.5478560918976241,0.5378960245181529,0.608302416100435,0.5097172838348384,0.2899742455712124,0.7241078155763958,0.45467887107284244,0.03488201401021575,0.3688280159399048,0.7616508417798991,0.6539726333321558,0.4128919670152029,1,0.841207430903818,0.5734012958390708,0.6424007861415579,0.7061913846278871,0.5757461802666242,0.5199088761710949,0.4545186186091145,0.48862532119509106,1,0.6743247692435829,0.7152594341199507,0.8068070685030092,0.3681801413754499,0.3415090294290643,0.4498028025374731,0.1844638667630004,0.650473676105542,0.4169856292467925,0.49576683131001764,
#4,0.9805564754962238,0.5246399511239922,0.9907385263010241,0.01621554696456782,0.48538894216908146,1,0.9328284570488459,0.7778093303110133,0.5787554683925079,0.7602422826582634,0.5265103334933072,0.41798523813577015,0.23532581502783464,0,0.14108444473091108,0.5282667598819398,1,0.3236120421195854,0.2028248702818978,0.4614938682576684,0.38410271492536596,0.18905968232279916,0.01304044433759835,0.40962122629592673,0.4264811561276727,0.3872811334470767,0.4891153811227584,0.25850253063466344,0.6261981831673165,0.37573481060045094,0.22121351196560446,0.8144118522947142,0.3191772381272742,0.3083647186913302,0.5422136496471098,0.11235980678101148,0.07279409346770414,0.2030555255794324,0,0.32968865654266444,0.5188633785396383,0.5597564550673177,
#5,0.5012337319877149,0.7995294371409956,0.2606260570752392,0.35772640969456293,0.9928873320165994,0.8742666641377537,0,0.2620542684181223,0.87357256632962,0.5556762255360905,0.6208892767924209,0.41724615583625124,0.37081697655623225,0,0.6138525067357291,0.8533956583181819,1,0.05772261997781293,0.3634815999308886,0.5700370343141171,0.4750851704131813,0.13661377559089177,0.7045585264802314,0.7431168749165068,0.5356966437684316,0.47285470397319074,0.5264397951866228,0.27633460424215267,0.6651148277730337,0.35089872055312893,0.3566639977436651,1,0.4270098325231142,0.45666918013532504,0.60663048771283,0.0684269629793419,0.24108809377942753,0.1887737189580872,0.7526233582687939,0.9039173846354932,0.703276354254669,0.5471190828382791,
#6,0.5955399034113737,0.14107862712511632,0.8482109113828522,0.7092339453869789,0,0.3692942421002472,1,0.9463673250716577,0.23937560257799376,0.3212809464530403,0.5021188477397078,0.5101842885419969,0.4500687791847413,0.5784761163137252,0.266725451015543,0.7098905795840986,0.4081462175386855,0,0.32793390959080215,0.7552965217571191,0.5457801585209304,0.3923302128545469,0.26814953040873185,0.5953706946582351,0.521248332116352,0.626382856276203,0.6173542437499195,0.5558553507812767,0.4523244781131414,0.4606161097088788,0.40608178579411325,1,0.5919231626035983,0.7119261029810393,0.6720424143364834,0.36005129957430015,0.2831107424895765,0.44272409819388825,0.16048588206297962,0.6328615262868371,0.368724965469324,0.4743132668659956,
#7,0.24817077925377082,0.9468630322088706,0.8967616347953605,0.5541361665043661,0.8469377345752476,0.18419590553532078,0,0.15695805876206448,0.5983339858611901,0.883648034692803,0.47702485709116965,0.40543417037878815,0.3862733229639833,0.4169252963289374,0.2468718554842753,0.573179985067474,1,0.3577622346175596,0.1785289424851599,0.5905247254128508,0.4793166592212934,0.10881282539006949,0.6820406162674478,0.638194656793847,0.5186285912798635,0.25814674524591447,0.38161988505922817,0.24294048621694178,0.46588164998482473,0.5043515176141524,0.3739372955284219,1,0.4294244584970648,0.13493430582792026,0.6377245004338602,0,0.25197116852913326,0.1291866028708134,0.8187617824388792,0.5571156625472156,0.5561248544422396,0.5724159120605916,
#8,0.2678976439300594,0.83154464208959,0.8476598853250524,0.600638438392864,0,0,1,0.9237492841147391,0.24337523869727007,0.06794286203563239,0.45417354869461607,0.3835373112206115,0.4416275722254452,0.2897263293061968,0.2083214844984629,0.6010262552143771,0.6903423737570711,0.7550603174644955,0.1916109086475898,0.6824246999056804,0.49812752610264444,0.22396281877848617,0.20386261216175844,0.455822234020361,0.45782469523039954,0.5445137690987828,0.5662819997595685,0.44441189775906936,0.3841784901975627,0.376112191073871,0.3597828316744539,1,0.5508047789842724,0.6212790435280009,0.6427396962275768,0.1734836923295196,0.22895331365526805,0.280258526334797,0.09100134777921447,0.4877384865945981,0.3205327353125732,0.31657875488887355,
#9,0.5335601740316884,0.7249752813640792,0.932453290598259,0,0.7726410476339542,1,0,0.30550060584875793,0.7943292569641738,0.7401163447488931,0.6329422824885803,0.46160876838434517,0.3767251541115093,0.12541357049033144,0.6236870817562712,0.7846476457657817,1,0.2736369116148168,0.36306330902875666,0.5257613457425664,0.48517229312227605,0.24438809263330166,0.1945425611256904,0.4015417444990251,0.5493822222475988,0.4783443724257697,0.5565599290345339,0.33677813274198637,0.6866978598688698,0.39178227216164263,0.35655255643524925,0.8481429635721532,0.45060080464545915,0.4482859008470269,0.6060902359142837,0.1655931869772703,0.24117491968687846,0.25376947390579585,0.8753473398313931,0.5499914453071281,0.6809132160589222,0.5860699737386112,
#10,0.889739625064021,0.05675813398121549,0.07142337359346662,0.42191700191950476,1,0.8246543052534128,0.8898938913295007,1,0.438528404108892,0.855919015038595,0.5085608956514415,0.45431559981051206,0.19605611801114387,0,0.5278020927893212,0.8848609424665006,0,0.3763473749318838,0.16370153086712888,0.5710446717944777,0.33785315549172584,0.16084380029335402,0.6435197250543673,0.7394655561930719,0.3971431659902083,0.47252376132695467,0.41869335741560926,0.28669346346292607,0.5868835030608032,0.38037217295839654,0.1777419529284082,0.9859622922841775,0.2696546938350581,0.43941148689538023,0.5080792856556353,0.08482615256733388,0.02500533672119568,0.20124086918147155,0.8397391856449538,0.5796778214367733,0.565783602005035,0.6187708590104866,
#11,0.48578412702080453,0,1,0.6234214244024545,0,0.7886411467058709,0.0016833189643110996,0.4513310061393001,0.1438255312213294,0.5796416286203554,0.5015094060658436,0.4686312015305548,0.4783106907905325,0.5608239007675803,0.29741667768911584,0.7317355233131319,0.7669438999907903,0.8310407828522132,0.5074553359898326,0.7327072701860228,0.6041234001409443,0.3055019976601845,0.9411578613862684,0.8159432324246513,0.5751818707757267,0.5437723093952467,0.6672109253442837,0.45271939071895295,0.4853828441324289,0.36811544212273767,0.458888928369469,1,0.6638031054464226,0.6323601352972676,0.7683177236340254,0.3302732913289395,0.31581970045144825,0.4167930096740048,0.2881699971708923,0.27951985122850725,0.3524318407822091,0.52522039738951,
#12,0.6043552210563912,0.14155971826954242,0.5024234815658661,0,0,0.41204298888150426,1,0.9377403785504743,0.22891690890342167,0.3526109205091978,0.49394075660906495,0.5054490538030736,0.45051520110476334,0.5854891215125764,0.27869581613809963,0.7214973369861841,0.7270779250052595,0.8102303502360021,0.35913964593194875,0.754669857756424,0.5476489564663427,0.3940798632598662,0.2738944192630039,0.6078414291978447,0.5300490497826904,0.6069573119928231,0.6170963958286264,0.539616100669442,0.4457346102078224,0.438305975397629,0.41111198950701583,1,0.5953827287993975,0.6995225285039393,0.6728671959633067,0.37604877508266804,0.29008538867238676,0.45665491418682097,0.16768120825373184,0.6469370986496077,0.3690759663391624,0.4932335965194843,
#13,0.03243411846573882,0.5438529914741644,0.6131968999378603,0.7306296110343771,0.8607187094183003,0.3852641644513307,0,0.2788660771262451,0.5273135366498573,0.939255798351091,0.43554841193063176,0.4624019466709552,0.42659539641072847,0,0.7497212923279343,0.6709757775392423,1,0.5268906913251685,0.20228344136664977,0.6476767055298023,0.47315291323628367,0.1360423288678099,0.734396458749394,0.7703299338307013,0.47657649892893894,0.44729714729661,0.4407391436296352,0.30327186381715315,0.3274194811800079,0.28525868159102635,0.388759115459432,1,0.5665792384226273,0.3766581453227204,0.6614853055198985,0.13710759672095338,0.2626599093024421,0.24858173494360533,0.8796052096140444,0.72265557137256,0.5312040540156249,0.6665112866173114,
#14,0.41424623496000745,0.8391799154335982,0.8501327433037061,0,1,0.5530924146097521,0.8457475655826109,0.9755739163038164,0.7932277484217733,0.6874423228960945,0.5253981523874516,0.520379756444141,0.2189978165897994,0.18068157080436945,0.5163973337103196,0.8882976256174505,0.11313928951983873,0.6140472484488095,0.2271212582950834,0.636405167551183,0.34208628916690853,0.2951619012141978,0,0.47421096456780476,0.4278793369135274,0.5619303476984133,0.4188966857147473,0.40118311188368727,0.5829698345860429,0.4535162305624276,0.1959459017209454,1,0.30433209396827554,0.5522751382827771,0.4845848813325621,0.22620057530321866,0.06248916921234841,0.32616509428318563,0.6564700647191369,0.9249441102781933,0.6063718587268949,0.6373154791132517,
#15,0.5251944873003581,1,0.9079478441153506,0.5781210511188412,0,0.5290907602255059,1,0.8134291311170534,0.19407730409655963,0.5149071947508921,0.48101349545300687,0.5771690267032797,0.46527760433916254,0.37827033068876464,0.5115028375935468,0.3180252532767984,0.3182635064259794,0,0.19792105266623983,0.6627326941158372,0.5381791278935063,0.4398729357355678,0.29262960399488985,0.46722466805509466,0.5697418862975102,0.5380595292520302,0.5981129457942282,0.6570269152154987,0.48034919318806185,0.6516588318333689,0.3947407472924541,0.8757847884368359,0.665010670364834,0.5246327217130125,0.6602415418415095,0.24797251284090988,0.2719823154041812,0.32907744796574245,0.27687660677757037,0.2386326486521327,0.381836435555156,0.48173864367885616,
#16,1,0.06729836630527367,0.43991656338246143,0.5918194699931111,0.8437258727021165,1,0,0.20291814640233632,0.8317309717298317,0.7205466531609794,0.681592208600769,0.39109203851006746,0.3940822120118081,0,0.6363776893033111,0.758133547181002,0.2906204514436063,0.46462563860591927,0.40447326958352164,0.44549853138402684,0.5138012739498465,0.14988425272876144,0.2163385720107536,0.30979571368358233,0.5981140425394048,0.39456391891863274,0.6087728226440688,0.23751536956463568,0.7405665149682855,0.2977000016862453,0.3666241702000128,0.8324411364632227,0.48963500997049414,0.3623950026844771,0.6235895410433828,0.05637994347333184,0.24781222454125026,0.15663665261556656,0.912714035277247,0.4647055604357917,0.7110379266127669,0.5505537809107598,
#17,0.6684049093310381,0.8384160122745468,1,0.7008895869061791,0.11147727192482564,0.20389244573290013,0,0.5271093491255736,0.3466548433453665,0.2899113397675038,0.5935422781691276,0.504919405698817,0.5159447444415903,0.5875468236490594,0.3251462051064379,0.69973325642889,0.5293814497794466,0,0.36981261150957384,0.7582097320385489,0.6176594501794832,0.39535913177511867,0.3152882724863404,0.5992017774283993,0.6154134545850127,0.6245716544100839,0.7193651258781402,0.5563326595840372,0.5217281592466028,0.49168562293470197,0.4606300868037428,1,0.6916772248569234,0.7101000985284542,0.764982873048729,0.37354511584798505,0.31990783079799645,0.4544746941834128,0.19675878862138235,0.6340920686838029,0.43499391892407413,0.46938852439073797,
#18,0.7011432311915798,1,0.9642934420801826,0.30615475785351337,0.8272543316286364,0,0,0.23927891453092842,0.8218944560808368,0.5203090347926187,0.5681145199667788,0.5428373823569839,0.3969953930436585,0.064480082294768,0.6947334090431728,0.773510189189474,1,0.06755016731859201,0.2997460387851224,0.4855005504148772,0.4895117485738577,0.31427319996142716,0.17567337260662305,0.33754212207698275,0.5005696129627616,0.47557824482496774,0.4688804569333501,0.6208033799271674,0.6262604251815409,0.5490262798917457,0.3618740704274137,0.8950370574889496,0.40751767363591285,0.46519070120134626,0.6106328396546173,0.07067116442707651,0.24685657497827654,0.17716819367430414,0.2894584214206003,0.11631439740902848,0.6633578849283628,0.4392969345328033,
#19,0.332624712854504,0.7788602435517372,1,0.3757527916719739,0.7595220345802358,1,0,0.2867603308465781,0.6716455561772521,0.7956025452595442,0.5098474138649316,0.5182359739537857,0.4110488861581094,0,0.7512244754083933,0.4611328974189819,0.26331314899735786,0.14451679768167386,0.23811241694482235,0.5804518607822021,0.5094278510567283,0.2579611279847123,0.7496267633190951,0.6132730159276718,0.5529185281590963,0.36243183822987307,0.4276994480460317,0.4089397712808428,0.5802997660305041,0.5065057977642001,0.3907874228978281,0.8535732015612901,0.4513851328847682,0.2968055031897731,0.657402092510005,0.145750934588842,0.26751397350725165,0.2371920886953305,0.19722415782428063,0.41712351751137106,0.602988317944838,0.593948746584589,
#20,0,0.5200448267614679,0.3725559207605492,0.10791805842178649,0.11159506186579321,0.7271311708266011,1,0.9357443333831367,0.3195345617864775,0.2938806043768315,0.37703637994881634,0.6011462942774282,0.4940142295044456,0.4731889231475015,0.6757593108554835,0.5942695152149167,0.5260568281875607,0,0.590942782381082,0.6943751289819927,0.4925363512795851,0.5356859328719593,0.779668865980509,0.822783410545751,0.4440161752097362,0.6580184134433048,0.3667746392538037,0.7311624499194833,0.3317030265660329,0.5470982205767226,0.4101971105822788,1,0.5117389655374007,0.7349528357031769,0.6698493628293832,0.38210481272874913,0.2901428434142628,0.4619285929025471,0.161595764051977,0.5836001669859955,0.40507325674556677,0.46329594856358886,
#21,0.10520948795966412,0.8634772977174859,0.29906515178482845,0.12829875592698206,0,0.40142603415828815,1,0.9413863843176307,0.280004492585717,0.32822180670341855,0.38339100743890253,0.6398247568323433,0.4650139810440554,0.46833410567328077,0.6642398685680803,0.5468607680440282,0.4205777651855288,0,0.11526512589839556,0.734505084063525,0.48891453510217,0.5302222982085102,0.8047629136529489,0.8406755384808208,0.47108769163157,0.6717908791960241,0.4113893790801228,0.7635707855175484,0.33417478901955483,0.5832843588683438,0.3803023270595648,1,0.5518917625865177,0.7315937366210726,0.6521055424716713,0.3569840330846158,0.2546298726217091,0.44005308144210564,0.8273144596002411,0.6935509197764878,0.3773069610592781,0.49915629326548533,
#22,0.43729164218488153,0,0.7026468376499206,0.7779379651636052,0,0.299307321169917,1,0.936637859415917,0.24659419071793043,0.25493588154000213,0.4861399501378764,0.44649897245479575,0.44025238062652494,0.5336975900772895,0.2638286621555134,0.6855609421290391,0.7903724175291057,0.7297961083478998,0.3431478906333987,0.7249219354231723,0.5375754335363855,0.3158923677679727,0.26106753938348726,0.5623459080611097,0.5196138771408261,0.560089022870712,0.605555507238055,0.48221747929596936,0.43726545553932283,0.37989104199579216,0.4041084177189536,1,0.5802197369980232,0.6664542947802776,0.6681170395029212,0.31347788437257285,0.28203991517367827,0.4021673442861639,0.15432713380007307,0.5995924801882505,0.3611850610175084,0.4332590802562625,
#23,0.027249014054431076,0.21826018756476065,0.48105522744223683,0,0.13836662649882472,0.10950971579554955,1,0.937890120093537,0.02204179759925528,0.4299919507406952,0.39721882394523594,0.503678897762047,0.3421043555420876,0.584660987792787,0.13743384104782919,0.7216923995141865,0.6803552136106201,0.8069074703759895,0.23561276636850667,0.7547439031158135,0.4556197072217024,0.3882129073376418,0.12975167661816678,0.6112937563975656,0.44089360422351037,0.605243205311563,0.5427244403656961,0.5352317044854827,0.33595622619300264,0.4403120852538416,0.29187134100382894,1,0.5162860226702575,0.6994449483325287,0.6063929495993557,0.3757520599065707,0.1464473714381553,0.4563965306363438,0,0.6486242201279357,0.24634753009825394,0.4925724459640289,
#24,0.05497226918330445,0.2784457919420297,0.5221271640484102,0,0,0.8539424717887897,1,0.9366612307058348,0.1351332977521484,0.6967166262990748,0.4082961859025922,0.5137297148949129,0.40277512261844056,0.6195910176165259,0.559404521244494,0.822420235543869,0.2636338648310626,0.1552349446040276,0.48627552138295727,0.7356911368801635,0.4849954050887403,0.34318869143050473,0.7998004361931851,0.8058953822295594,0.4880848263183173,0.551809864810087,0.5463568779073807,0.45220440034077025,0.37040803629170876,0.40997769201449613,0.3739303914247413,1,0.5922321531797444,0.6091246033306794,0.6477526738362694,0.3836449752840823,0.2473243898796262,0.4632697870894879,0.7269529012953102,0.8527880692245713,0.3086214770120037,0.617328649136552,
#25,0.007544745991181623,0.9265128625259432,0.7877130300086844,0.6662228556108886,0,0,1,0.9069712329682027,0.2419175271729902,0.1323058311611948,0.34047661409462676,0.5643773469095154,0.398737975413971,0.29465829544660804,0.0958133474562681,0.6244500797231297,0.692963345386818,0.7676056705185421,0.56198625921882,0.48734330333005743,0.42914654034752076,0.4258471837509731,0.14551425837677953,0.44308796974703635,0.4265907301925218,0.5841156407191379,0.41265524956474015,0.7407961159795554,0.27059028414225716,0.597880453411262,0.30843507311609974,1,0.5254410524848673,0.624234682428507,0.6087387880858538,0.20031655120676725,0.1695849683451382,0.3036249393283811,0.022171498229617212,0.4710727018139837,0.28087806644955216,0.3847805614553128,
#26,0.7176902557378031,1,0.9486348629923177,0.03548860068862637,1,0.5875205167060437,0,0.16427075029189475,0.8401144773852933,0.31593584001112945,0.6072249693250906,0.5344768426398812,0.3806769896484484,0.03870780863200052,0.48410445571590793,0.15557519851539747,0.28037836771350927,0.5007384841152812,0.35491489340578647,0.4098257430510781,0.495239867290967,0.2902698564296443,0.19525215923108324,0.31035309210936285,0.5264815646683692,0.4918689563678208,0.5188280450336428,0.6496137982270306,0.6588205252188799,0.4912769343472644,0.34752049023618564,0.921667424528842,0.4251000283170167,0.48190056889515487,0.5913799711239286,0,0.23476825713755184,0.11906708355157289,0.762643075127743,0.7685155293626438,0.6830630966708322,0.38250300567614837,
#27,0.9695047405924994,0.45846828061714673,0.9102418943838347,0,0.8503629152463409,1,0,0.34856325500729074,0.847834505127813,0.6861832629359127,0.6234685858146883,0.49387827188454986,0.37615132303636395,0.1763387036000028,0.6154722727340153,0.8239047584415072,1,0.23722445954487675,0.36032858908720755,0.5871065981199616,0.4784997345147748,0.27409352877164156,0.18418419644446088,0.4462688727369987,0.5402490177339119,0.542007631967615,0.53133700621501,0.386328424771976,0.671368106662258,0.42839526890196916,0.355343052172728,0.9133904933896396,0.4371543103717567,0.5174051561798295,0.6043113023454773,0.2014934783958478,0.24022869994231705,0.29346103535676826,0.7459576373672313,0.8500570883162714,0.698828344579526,0.5938234901581544,
#28,0.3060912080442067,0.11776062374593933,0.5621003551414177,0,0,0.4875898392586232,1,0.9339331452847429,0.18957346973139766,0.43441945606649657,0.4627802398919853,0.5170538107870096,0.5077247524747217,0.4655785657303899,0.2666942100421452,0.7254450967001536,0.6650211057026095,0.8309971169493329,0.3418398502138609,0.7546991487467117,0.5526139389987356,0.3892788580308,0.822696059529357,0.823923773053638,0.493358698187613,0.6119659810597731,0.5878605080475237,0.5422821524323912,0.43676421634401563,0.4263502369738308,0.4306548656406158,1,0.5668364617143543,0.690956718020085,0.681144536350564,0.3776042337662844,0.31483706090375796,0.458009428447195,0.17974614414371654,0.6532782636203226,0.3582416753905755,0.5028387018109745,
#29,0,0.37872623401323485,0.4030014907095091,0,0.47573450382034127,1,1,0.816466845942641,0.5953394606476591,0.775470016992319,0.42479183954864286,0.5087513533585447,0.42602694608695735,0.22795238113702368,0.7011431235672645,0.7068787231548033,0.9604301692226398,0.5506187500832513,0.19070692358958607,0.6220612030753071,0.47723551271908443,0.3037878906336464,0.7575672052257477,0.6777682531210113,0.46733893923130826,0.5031590643679594,0.4446983482786615,0.4106879570188549,0.3316307059725068,0.3790428578962566,0.38736066419798604,0.8626146115270501,0.5659845944201939,0.4695897814936669,0.6544105696955191,0.30376008567262924,0.2638859767098793,0.37595660336674097,0.8589051501102266,0.6743865135488715,0.5014188661643247,0.6470020861940811,
#30,0.858630330072272,0.08244935160177753,0.10692555661142093,0.30009393876758106,1,0.7858815421003781,0.8501498404951009,1,0.8084782442097952,0.6219681012762668,0.5265383484958925,0.4329133596192874,0.24155835669939266,0,0.5208279322162788,0.8652641404858679,0.9740557740625337,0.030900242626033886,0.2200326120745492,0.5664159139607348,0.36026531406529627,0.13328251343533146,0,0.3779139209511008,0.4301021217953477,0.5033649768528694,0.41368540217713606,0.2912985715266742,0.5743230298872645,0.3488737896621227,0.2176273091653945,0.9910497176494025,0.3083971663978223,0.46452797011490515,0.5104703340678185,0.042618495742642,0.08222677076965004,0.16514310335739096,0.6608562825427537,0.913196962783127,0.624083606027163,0.5552906083180772,
#31,0.8061891798373102,0.1692291218731232,0.9824642912032311,0.1889042334182518,1,0.6560223885763496,0.9113112382596176,0.9876495982676532,0.7931033793468644,0.5081105026794606,0.4870716457248501,0.5886061289112068,0.2880995701490193,0,0.6370169040310609,0.8674689615068472,0.10132705686284939,0.31017100783247564,0.15703834356911694,0.5315780345194804,0.398341783722994,0.30103888798404826,0,0.35100570171410195,0.40209186228399874,0.5066602240258293,0.3678933290262168,0.6729209096550097,0.5593614779912567,0.5620066841243659,0.24882135469556588,1,0.29294158808416754,0.48591667107189646,0.5511134737521955,0.01876926157089359,0.10905188029303817,0.14553112730096954,0.15239896379984222,0.0574639570874923,0.5992830449125907,0.46129659590665706,
#32,0.23148819546870864,0.9461197205068704,0.43051272034800897,0.1882797489483518,0.1291633676957332,0.2798746584222405,0,0.5203248234833432,0.6381476945876404,0.31068714814586185,0.6247849876115383,0.6678686197276578,0.7287854835031415,0.49964905697029893,1,0.5476290496500763,0.641133329320839,0,0.9236502420366587,0.6541256850984252,0.7398144767788858,0.5583582929509332,0.3897057296298034,0.5534565036190348,0.7370950296980915,0.7038731797368522,0.6696490921366998,0.8109833467838522,0.5276375565219817,0.6551044494485592,0.5812072704805646,1,0.8726290871004574,0.7466386085171354,0.9653202028272452,0.35546728977196246,0.40360666735252954,0.438732281045441,0.25684531975105196,0.6315996289083738,0.5900497663324393,0.5056856563583331,
#33,0.07258647012692546,0.7919658686187848,0.3878190805674665,0,0.6454266779495217,0.8733246644434305,0,0.39690720030907484,0.47026968200553754,0.18764064733709868,0.46131506800494587,0.5862489568961287,0.574927456592715,0.3999953045417356,0.8029870266666139,0.4972721892045611,1,0.6936768471174539,0.7249668136042096,0.6221620415988793,0.5783003902761881,0.47601526301116415,0.2747907681335318,0.46016895321572915,0.5474209580068087,0.6404270477432588,0.47069490543264725,0.7427354677867349,0.3934411182607575,0.5368175978068734,0.4652571904467481,1,0.6550141281530562,0.7001328608043964,0.7804128054936575,0.275269651353869,0.3195400781132309,0.36889510309284285,0.178697545856071,0.5543697886894692,0.4710005873118615,0.41649160126020446,
#34,0.649694873824516,0,0.9157870082907655,0.7611966292478392,0.08733092081922526,0.132920920368705,0,0.46300290932426963,0.35004871544521254,0.20129924037644875,0.6075814320675933,0.4468278728532069,0.5370432909567551,0.5220894813491697,0.31874694663060954,0.6661119486620388,1,0.6859611636703142,0.3873780708156531,0.7217823856017159,0.6516298373925801,0.3094792863386426,0.3233096406023736,0.5346301185894219,0.6255120496243105,0.5782007400021549,0.741136960647201,0.4974219350689369,0.5426922432829657,0.3913458297424519,0.48221439065136595,1,0.7049997004759863,0.6760675682576046,0.7994582251015528,0.27576821268576923,0.3355317575184838,0.36932925697995217,0.1957939575086512,0.5790890437447851,0.45183150934391725,0.41020534160727185,
#35,0,0.24800886117873036,0.4056058781096071,0,0.5357729501640994,1,1,0.8015012027420877,0.5472226162619663,0.8149545864463953,0.45133849751179217,0.5053081844155423,0.3995989591723246,0.23517468929367452,0.7464410057071063,0.647515252047389,0.15808896749080179,0.44681158605497073,0.18714599780531785,0.6245466489527192,0.46016721454367804,0.3087136492324416,0.717522291742838,0.7076702392283123,0.4047968079521131,0.5300520164211155,0.43260681990297584,0.41827353793215644,0.31520660826346464,0.3746922826108629,0.35903160252584304,0.8558157919039521,0.5362228939573209,0.4759934734098341,0.637548647872634,0.3083322433997932,0.2302549041396924,0.37905978315870364,0.881949457892296,0.6473715198348736,0.5361227546621857,0.6528753640537441,
#36,0,0.2718023985105916,0.4157982172700199,0,0.5817797067730501,1,0.9445453008197966,0.9042157096098095,0.754348331817942,0.5792736878279791,0.43733983016354766,0.518055748153297,0.36679351649749226,0.3328537442401804,0.5921511960367859,0.8207051199008438,1,0.4613563803227079,0.20911523734059584,0.7026809529362414,0.4400385291845571,0.3827677645845383,0.6698063485639076,0.7389512482587534,0.4124679255576517,0.5674606887025474,0.3415193605022753,0.4991522682151832,0.3013054240610783,0.3898851076481318,0.34546367899831876,0.9520823017906428,0.3543493678403909,0.6435253170203787,0.6077267204653188,0.35656799136395884,0.22420227272863053,0.43350046208893717,0.7731781272051138,0.8072486543238808,0.5845808065990097,0.6193966514962768,
#37,0.6845894991634713,1,0.9761506318985936,0.2435137199058906,1,0.6726694590691862,0,0.2627512518887936,0.847970737712525,0.44271536024266755,0.5951394582895934,0.5832149737425878,0.3870269834391641,0.12757765365289644,0.4921301276454183,0.2456256919603054,0.9778304779228933,0,0.32592338821709815,0.49799832144635053,0.49534430709448724,0.364340382615333,0.18855806800751854,0.37401474636579585,0.5139599960848463,0.5360869772383549,0.502464051559664,0.6751441114932342,0.6483735630378141,0.554524470105917,0.3595655192852662,0.9098236253760698,0.4144540871443657,0.5142199257650331,0.610914961194114,0.11151341842549184,0.24335018592956237,0.214644402098533,0.7719554582158497,0.7788014469664689,0.6842319198654173,0.4568525400441298,
#38,0,0.8556315555489673,0.2325792748991107,0.16067717370720838,0.5684862662730745,0.15263642258540688,1,0.9328913095036732,0.24125270121480888,0.32031537610452304,0.347623648580355,0.6506679998549628,0.4531169117448295,0.4909609585031074,0.6592442097243499,0.5707528908258069,0.37384920720990245,0,0.5849173934932237,0.673452149187804,0.45025198057459487,0.5515859513738299,0.17420102221204672,0.5393306678737819,0.42704471763165724,0.697538358275372,0.36222815397806724,0.7922129174586761,0.28060614937194855,0.6188793947466525,0.3474543551809983,1,0.527003029150942,0.7465522365974525,0.6369812308163496,0.35958507025759284,0.21358709010228752,0.442318099458765,0.07967443822688404,0.6099835882104813,0.3472973746963856,0.4924149717979093,
#39,1,0.2402680176239394,0.28768032985699105,0.2683426146633917,0.6842990011016786,1,0,0.23916899174920256,0.6444712014653213,0.7747950249284581,0.6289270075292714,0.4071371180037729,0.3842188722176969,0,0.32808262125660337,0.5303694663344618,0.22991797081568957,0.387758756065798,0.3712983579508975,0.4488132606446602,0.5026800816384497,0.17833539772980403,0.7211054454783195,0.6148862943526991,0.5532295331436377,0.3784057856367562,0.5967967507604413,0.24192566419290915,0.703724672435402,0.34794680351691665,0.36612365199188085,0.8052859813522043,0.45618838170176007,0.32091017186275156,0.6197483188447667,0.09999639024309549,0.24885633290936374,0.1911103565586263,0.8605445830791251,0.5045935653720011,0.6221361005514423,0.5628460149712994,
#40,0.728945781392337,0.276863436198537,0.902693098358668,0.5173227385228761,0.45916424139876166,1,0.9897106821917309,0.7974344984006766,0.4563606133739613,0.7728319519513042,0.32441054775830486,0.48543367458623193,0.27887611052095224,0,0.6363084319846997,0.4498406670231763,1,0.41957699921476205,0.03014461355768554,0.5886350081789604,0.38572600850979966,0.25671672793439726,0.6309075083432343,0.596372009779625,0.363820818757382,0.36158307714613036,0.22963611504758846,0.3693551004224377,0.40383765282482803,0.4927938615189416,0.27063242838392515,0.8416818336327087,0.31394166518495237,0.2591811324355729,0.5898228132424495,0.16455315151423344,0.12304977732030639,0.25202910566351017,0,0.39552140614789516,0.4539852584652697,0.5666078518242904,
#41,0.8378471685221873,0.8612756980076994,0.25914413770617034,0.26867444897405346,1,0.4759523641031079,0,0.17881820502406937,0.824880970657809,0.3609146836367976,0.5985427086232958,0.6035286736267231,0.3660145228026464,0.005767418706284661,0.5299647740764384,0.18445622956429578,0.31953901733261086,0.6578785229805665,0.3425730441560129,0.4482267069208121,0.46817685529396413,0.29798245212423674,0.179095477424182,0.3727043648900494,0.5098495714581281,0.5230706554251137,0.4969452275936447,0.6922455450420304,0.6192165889111056,0.4943537653645069,0.3341485731419234,1,0.4133283580026287,0.49239346052451194,0.5664347028704345,0,0.22674745939648286,0.1291866028708134,0.7025060990835381,0.8908586270484543,0.6786300970214704,0.46479046710099386,
#42,0.6517453954799142,1,0.24321254819926558,0.24290321041628776,1,0.4436343303277332,0,0.19937548521203177,0.8124984185959787,0.3371255402705027,0.563667644246688,0.5731077105119567,0.3729135450377367,0,0.5302674973146971,0.19116472432121162,0.24153398749122446,0.4098510396196296,0.3030037837534673,0.47377078869400596,0.46859986480802085,0.29704412874695735,0.7305447103397317,0.6262248463574778,0.48302865049040133,0.4963167438782029,0.45974223425876254,0.6456958910359766,0.6011047868281564,0.5046805970204508,0.35003698947240036,0.9173937071908637,0.3894886683698089,0.4445068958315298,0.5928148429770541,0.03570213783451013,0.23778486365842066,0.1496048764594936,0.7428619980976461,0.7887041316187087,0.6602963266588922,0.44769827540708607,
#43,0.27340220660321574,0.1419992976895853,0.531683429996248,0,0,0.5671823906778402,1,0.94054977816182,0.18823370433175288,0.47816621952615795,0.4910601145988201,0.5102391506794025,0.44949664180868837,0.5810690423759433,0.2652139198031699,0.726286264424416,0.7074716831626895,0.8363481338899106,0.3350385276190267,0.759133271234272,0.5393591212126757,0.3800901530810289,0.2681566263623186,0.6126196684097674,0.5319311221741836,0.6085437308099841,0.6092693919135408,0.5303370532167883,0.4368704434162428,0.43766341560729927,0.41015610607212377,1,0.5934539735355121,0.6980706543083218,0.6713438725741484,0.3754898454067775,0.28939186994753174,0.45616819073700243,0.8328078072339513,0.7312026222749852,0.37617634589713367,0.5244010340337166,
#44,0.3032697717384975,0.057762597497850364,1,0.621780392784374,0.4651577642041219,0,0,0.48012107235594503,0.22581649747071622,0.2999000866074012,0.5429611961298235,0.4600714791055295,0.5001188694743716,0.516219289313165,0.27170953496743105,0.6771840849863177,0.7566913207898379,0.8163523507099467,0.34456822592928904,0.7261389730906639,0.6155449005505516,0.3356909556858996,0.9411853292346849,0.8284892888660675,0.5535912045517368,0.5866985454814171,0.6714084508072893,0.5107589466762782,0.4955794464686521,0.38980833866468695,0.45990173021308056,1,0.6336718119197029,0.6767356867225084,0.7622789372773959,0.3096076833986922,0.3200929140435584,0.3987971214285262,0.16947717761081224,0.5977608067900668,0.40092340804115584,0.4318071409213242,
#45,0,0.30388854473709404,0.39609900057293923,0,0.4041131181579385,1,1,0.8090589820718532,0.47240094476253375,0.8066849401828593,0.45533384505494484,0.5059155616840885,0.38180699727182665,0.4967840912101342,0.6910157480097442,0.7548407942618133,0.16705423729889826,0.27274469078519775,0.15328904081885625,0.6189720516850427,0.4427688985980226,0.29250131848773725,0.20613373089297068,0.5398552768264904,0.5243521315720767,0.4983878999943765,0.5146660629790396,0.4026483027054462,0.3515879220956907,0.39824395948054847,0.3328714807653096,0.8749911002705127,0.6234222863725357,0.5224576633023331,0.6199605215430023,0.31335894736335645,0.20013138664229038,0.38591429726045323,0.8502217577107101,0.7246215286052519,0.4510303176170548,0.6418594999548705,
#46,0.15967524885923823,0.24984234538623412,0.5338556552875968,0,0,0.7409414492108188,1,0.9328088365176744,0.1491897355803396,0.5876578440619615,0.44232500340278735,0.5545212531094825,0.5036806775554729,0.4803766391528151,0.2467293412838427,0.7586504217517966,0.35828981619007566,0.07692380776817893,0.31668632278640824,0.7791596121073506,0.5429875383536572,0.3953153781716143,0.8237898935860278,0.8290098720147503,0.48155046266204543,0.6489047582441957,0.5737464409100318,0.5577028192840499,0.42440910460608455,0.45890216868814776,0.42117272195773797,1,0.5773425048027828,0.6908883103121479,0.6767331980467671,0.36253160688685176,0.3030103512929181,0.4448839830306556,0.29535609057439693,0.32540223970520427,0.3278027783186332,0.5560525988681239,
#47,0.053794187830701785,0.49167293150606245,0.3761801691217652,0,0.6192567276615015,1,0,0.35820131276390504,0.6000160318850181,0.8147436913564315,0.4985230004059605,0.509527884780683,0.4339122859725812,0.22670110818677608,0.7626783491289892,0.7074256597622934,1,0.5022728724730345,0.24407597476867957,0.6125007359945661,0.4799323937453573,0.2851226229825753,0.2404295450591867,0.5029593967993704,0.5380500341654509,0.4992098090647106,0.5196183856870225,0.3943150081251136,0.38121019827580493,0.3999598482668443,0.3812638349193428,0.8408952675970891,0.6226981691580075,0.46658974295258915,0.6496645361580078,0.2777424365237928,0.25716458595952996,0.350494237667233,0.9014272444707081,0.6679860578615907,0.5717624188498799,0.6492374081359654,
#48,0.1378443420206505,0.01294962515762785,0.7803832812462201,0.6537440208684605,0,0.18007164060687375,1,0.9160274247253242,0.3630131393643111,0,0.40083523967696816,0.514953488358105,0.46783639579240677,0.24041480966412432,0.6511657925021244,0.30692080767496294,0.7100795185313529,0.7773172633877259,0.12634038414791135,0.6406448113550092,0.4973025313150751,0.3288826199434801,0.2233463429949867,0.3603176533030873,0.48814302787276526,0.5506244628369691,0.43794148870692845,0.6931103664756614,0.35739910421136506,0.4322202939756012,0.38098828437243343,1,0.5780298671311869,0.6154707397817846,0.651059450125521,0.06500381460699042,0.25611667009950045,0.18579279549508257,0.84927936878463,0.5301686759281112,0.3840704936658901,0.3027440128288456,
#49,0.4585151922411708,0.13110325448038784,1,0.6877116736424695,0.025171252680431452,0.2825747292365241,0,0.5431168829358891,0.23636176381349097,0.36497471709308177,0.5368751387871382,0.5428232383972605,0.5938247238168175,0.5022181324825299,0.2753540706226995,0.7153842207746716,0.5188811653559038,0,0.33945653193981185,0.7624213278188011,0.6352730555764246,0.4092787920418668,0.968818488282247,0.8499474091980508,0.550701214184647,0.6497812315499572,0.6833544675931212,0.5812520679236028,0.506434037561161,0.46909831918338324,0.4740298096167374,1,0.6528233745003701,0.7172195315235909,0.7844051818946826,0.36216090280441593,0.3305229170581176,0.4445611689493,0.1760830214427805,0.638671378330614,0.40789293708205654,0.4893169813957223,
#50,0.7525633307406613,0.27351870852681415,0.5576205240088453,0,0,0.42902853688527315,1,0.9405126314655942,0.23560730768146312,0.34999126565761074,0.5060665758211171,0.5164150044345646,0.4578045288211672,0.589589666814081,0.283037476329705,0.7205870310733239,0.3841054778535333,0.03218529691005661,0.3535914034036366,0.7588013913654604,0.5545004378366556,0.4027078850582241,0.2789467824200835,0.6062812668345371,0.534720796749027,0.6241148311002402,0.6279628052613246,0.5568132480506084,0.4579215201419029,0.4549366966571334,0.41333525592813697,1,0.6054680318427073,0.7102315018034712,0.677216770599688,0.37143197477389,0.291325523338065,0.4526345426260669,0.17407007381706832,0.6482043037962617,0.37527840445736016,0.48895761051777503,
#51,0.2678976391650105,0.8315446435745089,0.8476598844753691,0.6006384418485752,0,0,1,0.9237492847644361,0.24337523530148084,0.06794286958615728,0.45417354608439603,0.38353731633248245,0.4416275696724094,0.289726335393543,0.2083214807431379,0.6010262584119749,0.6903423722528599,0.7550603195098265,0.19161090441366868,0.6824247023578811,0.4981275237129887,0.22396282519590524,0.2038626083324726,0.4558222382959004,0.4578246925529403,0.5445137730700009,0.5662819976341361,0.4444119024979858,0.384178487203867,0.3761121964208668,0.35978282863547034,1,0.5508047768550114,0.6212790467078628,0.6427396945372793,0.17348369883995374,0.22895330999269844,0.2802585320041702,0.0910013434115807,0.487738490387084,0.32053273216432415,0.3165787603197001,
#52,0.014710852692301855,0.6450433037578355,0.3800188147281127,0,0.6140130379054481,0.002273872057350405,0,0.4069301107334345,0.37385674328501833,0.2303597937299464,0.46414063798893535,0.5848190129005122,0.563472570984071,0.4866882694652096,0.8095483887394818,0.505581811796273,0.8487979466890716,0.8106287569251954,0.1614661688945161,0.7176257439805469,0.5877445713914541,0.43669763834812236,0.9769044348753905,0.816430693877632,0.5711647628367036,0.6278645482579861,0.4920468245522352,0.7224559589735178,0.4046724312153102,0.5165145986663319,0.46258304348247914,1,0.6578875645133,0.7122918371661411,0.784850004864729,0.2805189049292037,0.31357788929498726,0.37346622343117264,1,0.65296707904304,0.47145819933969996,0.4310472670644106,
#53,0.38816513074370806,0,0.821247922634542,0.6689051735479026,0,0.8632758725272572,1,0.9349346225497037,0.19874785438960915,0.769753456349872,0.43300485872902894,0.5004022387477143,0.42763584320352627,0.3026623407467668,0.6179272304964488,0.8419261463930139,0.21629680778535637,0.07752749530756949,0.5180636532345205,0.7321099321389024,0.4908194024904001,0.2708271452831729,0.22353305586047661,0.567163361553517,0.5076700763893371,0.5483064600180404,0.566848782761778,0.410675828296423,0.3857963651228119,0.40055955444334285,0.367631272085426,1,0.6070925603886216,0.5821338253434664,0.6478652102025992,0.28615034362023434,0.23806074155813087,0.37837015568843374,0.15882941226511252,0.3637417551489842,0.32808049243379284,0.6001503906612274,
#54,0.8397484354705894,0,0.29545279941346914,0.45406325192405095,0.9262402274567044,1,0,0.2896070762880738,0.8715046567613394,0.6704649746334048,0.6450895948354581,0.46929731711845185,0.3800726095274356,0.09605353120863455,0.6219401249431871,0.8563725899944521,1,0.16090717530828422,0.3848103138251858,0.5791815664233173,0.48401114542663703,0.2171101865642281,0.19377026357153287,0.4026727585360582,0.5607548882854615,0.522884565393957,0.5522777892278558,0.33907199183002734,0.6852296008252908,0.3850349003016496,0.3532693321959429,0.9579646234289159,0.45478328418427805,0.4928032747304483,0.599344660965409,0.12095706247519361,0.23949256728102855,0.22908722585199026,0.7387210846114771,0.8988137107865296,0.7156819778928204,0.5872420651793135,
#55,0.7962453796636793,0,1,0.056325692603337696,0.595530711676125,1,0.9333015399146458,0.7898282721466562,0.7743313892414215,0.5706541470884313,0.4950714280528608,0.38809826558033184,0.22173217430369035,0.0077171395335088105,0.5100797095124255,0.7412539106373586,0.0538688453952727,0.4127362438810583,0.17297457800065028,0.500155632221716,0.3563479617827662,0.13612881023476675,0.6362220072892998,0.6328462125330302,0.3891699197392453,0.4172132324452449,0.402995935455488,0.25531313653677684,0.5747627648348472,0.33641299817866066,0.20858180131032875,0.844130607712011,0.26919261613437173,0.38374316371110084,0.525576136833435,0.07914152790895827,0.06201452789641942,0.17796786836198422,0,0.2881019180914821,0.5607717566954038,0.5152416138604061,
#56,0.6253186683113423,0.16874755073117864,0.38926449057790236,0.04126319591370868,0,0.4576487118668024,1,0.9379124190690037,0.19332882335490617,0.41368724726069095,0.46730522016995396,0.5360564806064497,0.5187782403788966,0.49953072343525323,0.25764601638657175,0.717789225309931,0.46720903452115775,0,0.3130219386948288,0.7612964828347806,0.5553003608068138,0.4097709321230709,0.8297950455641192,0.8330572985182321,0.4835421419056917,0.6438010187420329,0.5909808023282599,0.5739958883078526,0.4417390717783326,0.45643506245393156,0.42653662892543853,1,0.5702449051481243,0.7100417921654237,0.680616831871868,0.36105532300438775,0.309058685627627,0.4435984152478401,0.17553547433904007,0.6389681060370275,0.3628299363669916,0.4902492568183574,
#57,0.9267092458817515,0.0847654738770058,0.15063838348480862,0.45698496401678895,1,0.7645554273959255,0.8604492026415678,0.9873231264663886,0.7095113933526068,0.8522228690274457,0.5558427005133962,0.4546789452534313,0.22815434285588554,0,0.5148114259833757,0.895767982250693,0.1284945539989465,0.6606128272840864,0.2470973700680927,0.563899091863651,0.3651432349964944,0.17719038696756792,0,0.40391930575331525,0.45724172185591383,0.4681827110582412,0.46805937403542003,0.2814917188622935,0.6262149234846953,0.3621547808474001,0.1974007891039521,1,0.332249375035876,0.4426981343974006,0.49806668438982815,0.0750710031743733,0.05838322461693414,0.19455943817098537,0.06617392431379833,0.328710368858398,0.5963631865738588,0.6276613202755063,
#58,0.22541755071077652,0.13715143891299675,0.7461225796938359,0.7432206637352504,0,0.6707906723047302,1,0.9295409800073293,0.15927859682699413,0.5367980617122251,0.44526644377581326,0.521473101143756,0.5095420379700714,0.4324323922088307,0.25186828218994617,0.7366778066867411,0.3972745584057192,0,0.3160767665331261,0.7626586633036845,0.5501511968531437,0.3542155664130068,0.8250857009261967,0.8174391144543943,0.479203736748389,0.6242978929437452,0.5724202607934658,0.5272610668647014,0.43232259890368696,0.425301216576393,0.43255109835709027,1,0.5736471814165289,0.6691041515827226,0.6817501721852972,0.3227173030577912,0.317330021210715,0.4102131538589378,0.3100181160600073,0.2742595504052753,0.3348712339996034,0.5187422476832343,
#59,0.468686558348333,0,1,0.6206219142918443,0.008775128013031602,0.8021288663133318,0,0.4544381064475477,0.14342822107156084,0.5860611299189761,0.49937050789202714,0.4684061719664411,0.47615936773762685,0.5636675864517765,0.298472188571478,0.7324667539533286,0.7664632113380426,0.8312947274668864,0.5147570001127187,0.7315115738335494,0.6019142781615484,0.3044465945291,0.9387139277744571,0.8151669990724486,0.5739442012026589,0.5417597142044736,0.6651356925205161,0.4504613475080468,0.48334567355298347,0.36726799040235497,0.4572076695965446,1,0.6629296837277231,0.6307192528342568,0.7663766093367644,0.3314038238270024,0.3142585899317118,0.4177774925192078,0.2849517941125905,0.28196631743445816,0.35104441174434575,0.527270606472042,
#60,0.850843956019926,0,1,0.027621001330856737,0.8189980423510332,1,0,0.24882371203635456,0.5699444059362039,0.760660756653478,0.616476041179267,0.4126213582233517,0.37680689632780684,0.023972266206602304,0.6374642100341857,0.785267299913306,0.24826481141685244,0.40134501414456714,0.35036378967041526,0.5088977885881533,0.48536028381305185,0.15752664908997116,0.726148633713023,0.6581799624379561,0.530371624644021,0.4336250612457913,0.5436397960858769,0.270976946218899,0.6779034056520081,0.3464529063788219,0.3622011612316476,0.8734721667088543,0.43221029049574666,0.40400462434980594,0.6163815343064258,0.08750322918701786,0.24467690271320172,0.1890398861874465,0.8711864609222888,0.5702335339044207,0.6647078342929625,0.551819234425423,
#61,0.3305547844784642,1,0.8759439271600783,0.620523171540613,0,0.5284001424790113,1,0.8543140712258745,0.1854994651998662,0.5081002830981,0.4489013217245705,0.5879955029223234,0.48841033761507346,0.24682368714670339,0.45703695024775887,0.3458018405241898,0.34908344999553315,0,0.20664749642155555,0.7025940758013355,0.5376706710506024,0.4484408376767058,0.8331183274438677,0.7775551886960781,0.5354330236298456,0.5401819539442081,0.5647076389134631,0.6644697644654605,0.4641794905567489,0.6645355969717867,0.42251363351967897,0.9200538204997016,0.6347318326648793,0.5307270450133864,0.6734913251093783,0.26936252189143145,0.3064701847201406,0.3534231202762319,0.2919730880955875,0.2427023463219056,0.35787804658093797,0.49923987882811816,
#62,0.7010593462995358,1,0.2680758922153908,0.46321398131001357,1,0.5793586688478454,0,0.2664601391756839,0.8304849198720415,0.3933936576651212,0.5990489196008367,0.5998278184951281,0.37633445604859683,0.14264735948873905,0.4987808228327478,0.2526415618021375,0.9409809452188673,0,0.34848765769448453,0.4851821948423025,0.4830373086104892,0.3684141670457883,0.1897173859472743,0.3881021389088412,0.5162821770768203,0.5509497927051177,0.5066323660615221,0.6911394409081105,0.6387992905838742,0.5444609984630439,0.3431026938601064,0.9304847381754742,0.4177905466440129,0.5347081437843384,0.5815110890782328,0.10894243869476235,0.23287085521086515,0.2150746974793519,0.7481334984415885,0.8031786340676779,0.6794676751692873,0.4648082814704812,
#63,0.22833896870653586,0.13362357801060987,0.6652463594739133,0,0.05441024867825127,0.8823364033701405,0,0.5169445545984139,0.2016356591756125,0.7136285119428007,0.5137112572949859,0.5076906402184299,0.5058672195208247,0.6160071469496561,0.6855947536693451,0.816720137269327,0.8367701246942736,0.866707057887781,0.6154689054200162,0.725928662707592,0.6062074700034276,0.33903067525699354,1,0.7901455224744942,0.605584567819736,0.5420549440721385,0.6770210276981484,0.4455040423266361,0.4694582656097512,0.3985351458986861,0.47320162424473505,1,0.728909620798299,0.6055185447938283,0.7999346588284012,0.3880244771288516,0.32213151148024427,0.467083515968665,0.9267840672118093,0.8342050115121192,0.3985765080829513,0.6207429918439438,
#64,0.5731362342523829,1,0.9631841077741323,0.2237996780728458,1,0.5888768406856066,0,0.21580695448991416,0.793906976257474,0.2929097112119277,0.5471042663140575,0.4876021953775564,0.37826605081022285,0,0.6545594035547178,0.7764946561343038,0.23415832529193678,0.29612879749448107,0.26195173232993296,0.5144507368422685,0.4766300887358886,0.26271869031613426,0.7297709369209132,0.6243959034915162,0.49151848160009204,0.38138063193247046,0.4409941120982346,0.5328295823368948,0.5966832298220683,0.5250118442805983,0.3609318275662498,0.8959990626884234,0.3889989770982142,0.41348036891990125,0.6134999959463427,0.06127246308430343,0.24415299702491655,0.16910795681306534,0.7772559919109133,0.7416910127459301,0.659416106438222,0.4407431075799114,
#65,1,0.25547113860940773,0.937599096037727,0,0.692420054973042,1,0.9733183682977317,0.8152151037478071,0.8794916348504823,0.6032783495581828,0.5810864565425008,0.47177408914063923,0.24744289780196832,0.16953554722372816,0.5545489878715735,0.78141121315208,0.12027432452092444,0.5313767754653655,0.24848649975536916,0.5643872420883587,0.38487179580134395,0.26926409036185744,0,0.4197485254605561,0.4746787379116745,0.5077940085682306,0.46571262716846346,0.3653335489492139,0.6487925205203965,0.40803486450369,0.22263491458436477,0.8712278181369522,0.3389647645557557,0.4903231478046834,0.5457457420962935,0.20656827039929138,0.07323958573476336,0.29243337943717096,0.7490025635908031,0.8008273072780613,0.6646687629561416,0.5765433944733283,
#66,0.8858419576047543,0,0.005011264739632445,0.26786875227234896,0.791553169918401,1,1,0.7994607918794434,0.8696522931224173,0.4782013208310159,0.5172821697305187,0.3835056883812059,0.1821191494774319,0.006550168997283298,0.506427712037742,0.7594417377993721,0.023132932943922286,0.4516743331503254,0.16127358792146196,0.5226088378118167,0.33003803343559435,0.1272590070731739,0.6428268260571935,0.661235026517156,0.39756519697712467,0.43298473929803993,0.38990016272581585,0.25591831871341103,0.5857728239956108,0.3226578665665313,0.1638724278999064,0.8926587943096043,0.24877622856688006,0.4124039912596731,0.5182941905671458,0.07325648813863973,0,0.17911228845737678,0.7323050927435236,0.7878752483576642,0.6263638935188308,0.5012446990668586,
#67,0,0.31234589935088425,0.3663345011085609,0,0.9863167003764436,0.7531014637136398,0.9086971086531337,0.9857331577961924,0.7993357622593757,0.6527208929329702,0.48373051693885843,0.5482013986351326,0.3539494797034018,0.3599658940885038,0.6114580069269516,0.8890780060816761,1,0.4005595799792683,0.25148162892926157,0.736694631213526,0.43018667402627275,0.363013830309845,0.10680047200796736,0.6076137236571912,0.45621039558748905,0.6047377956756986,0.4067474762949982,0.5086458486576361,0.3089438748251192,0.4359664249223451,0.3263226841978676,1,0.3941919399361708,0.6793179890798811,0.59074265764785,0.3609240799575521,0.20406398679626278,0.4434841270443755,0.7650610416805653,0.8895895495999985,0.6315745150647406,0.6613211446160201,
#68,0.6708393103370949,0.12876479561091392,0.572067176709049,0,0.1341852828235808,0.9359714980276962,0,0.5144934358610656,0.33465048974726297,0.8107871969300844,0.591540388363928,0.5421247997156278,0.5471845296482294,0.596369851335489,0.7955276875716253,0.8619675418040862,0.29633996945448404,0.21125965998938045,0.6916622834225322,0.7531159564862896,0.6267295354161109,0.3501209727926889,0.33533317404404145,0.6173307748329928,0.6871095761936759,0.5787491537883859,0.7402974313420353,0.46525803626480666,0.520932171804567,0.4470995348982243,0.48399002366584576,1,0.8057320190603959,0.6277655744694914,0.8151758601131238,0.37076872103199243,0.3308610885343086,0.45205697238192644,1,0.8535147787486718,0.475699683475972,0.6553352998905632,
#69,0.5335601740316884,0.7249752813640792,0.932453290598259,0,0.7726410476339542,1,0,0.30550060584875793,0.7943292569641738,0.7401163447488931,0.6329422824885803,0.46160876838434517,0.3767251541115093,0.12541357049033144,0.6236870817562712,0.7846476457657817,1,0.2736369116148168,0.36306330902875666,0.5257613457425664,0.48517229312227605,0.24438809263330166,0.1945425611256904,0.4015417444990251,0.5493822222475988,0.4783443724257697,0.5565599290345339,0.33677813274198637,0.6866978598688698,0.39178227216164263,0.35655255643524925,0.8481429635721532,0.45060080464545915,0.4482859008470269,0.6060902359142837,0.1655931869772703,0.24117491968687846,0.25376947390579585,0.8753473398313931,0.5499914453071281,0.6809132160589222,0.5860699737386112,
#70,0.3832659998439037,0,0.8400708986810487,0.640729380738703,0,0.3323052888464746,1,0.9422562167063551,0.19729517786909326,0.3259666331994489,0.45267242515118106,0.4704812930416685,0.5040324979576477,0.40583480396077837,0.2449485989546603,0.6923726947266567,0.6431976040070199,0.8209938875702668,0.31282180305758167,0.7303351943160624,0.5474418577240345,0.3220772996337691,0.8150567136774771,0.815464611810098,0.4723806769545162,0.5813947095722354,0.5743116010009707,0.5033368023738515,0.43285366643240286,0.37684366099411243,0.4265861768915029,1,0.5525537768868842,0.6624897719969692,0.6801462427833775,0.3066027451906883,0.30934872707052863,0.3961803809794511,0.16278210901784154,0.5977202522041644,0.3493545386599381,0.4451135770490379,
#71,0.6287401716673886,0.17366277756644505,0.5333142881014216,0,0,0.4759605118220942,1,0.938932143040271,0.19185573846550452,0.4287752936707055,0.4656593946685041,0.5376642028138925,0.5189637004595974,0.5029719457854306,0.2592754810325568,0.7256030137515418,0.3768681877453582,0.04440151354302964,0.31997357948738653,0.7627818725367107,0.5577001219861335,0.41403190720369903,0.8288232593683685,0.8338318479417051,0.4853583567674433,0.642979162014847,0.5902719141609563,0.573900731191338,0.4441169360763331,0.4523325288642857,0.4291431248330282,1,0.5708225179139182,0.7105545374797828,0.6822895095476629,0.3689130883298232,0.31209694695421863,0.4504410625647265,0.17718017646526116,0.6458893667926691,0.36179381093808344,0.5005948877911564,
#72,0.3196887459042557,0.10602414038711692,0.5850274875216245,0,0,0.45544024141082035,1,0.9371673708569768,0.20489940261592554,0.386522193991041,0.4803944721602822,0.49416795686993326,0.44694535239960315,0.5692666026999841,0.26856902318154735,0.7101053389516613,0.6562065106909928,0.8336217347055832,0.34768677210321397,0.7457551082927555,0.5493929298206075,0.39120756901168596,0.8213607124651723,0.8303460564760288,0.512519685412831,0.5947311112555658,0.599791785375221,0.5325646780157473,0.44109147399020326,0.41818885980704995,0.4204934193778897,1,0.5690678575136084,0.6907872566787405,0.6754556224417497,0.38245958767067023,0.30260766957416946,0.46223753567493775,0.17540008328070175,0.6444903138513195,0.36361698013413873,0.4867732572874889,
#73,1,0.36935265453577154,0.9245658443968253,0,0.7871824668276441,1,0,0.3073493342227372,0.8056243415560334,0.7294870316138918,0.6493717511855088,0.4691517635555832,0.3790913243679993,0.1347941543663642,0.6150934696247692,0.7943460078738716,0.29465965491868745,0.5832935169478999,0.39040898343496694,0.5317129091317979,0.4922593002696433,0.264375959634128,0.2015922601645397,0.4243212190945444,0.5683790990045314,0.479642973937163,0.579074828944929,0.34094476567659643,0.7076834574078636,0.3944477175391922,0.35081847202554733,0.8597387645774542,0.4666470222875724,0.4569232988321743,0.595370163886396,0.17557609432011542,0.23774618439096143,0.2639607455016855,0.2572860827260307,0.37960148664822113,0.678743303267896,0.5972678962312087,
#74,0.15618092643710596,0.9269720444143946,0.26443262268009615,0.16314704149581458,0,0.41866801671269815,1,0.9400632924905039,0.3687012232232032,0.31667053755314506,0.42412929358847656,0.6690900525432891,0.46187464304325393,0.5296659000649114,0.6690751987060172,0.5228997875630716,0.38726041077922646,0,0.12650558333370257,0.7425979305822027,0.510343592190752,0.5217640194738723,0.23191923632481448,0.5597425710156885,0.5224860814925663,0.6806787983751912,0.46673575860853483,0.7909678722376917,0.36857581810368706,0.6252974431281068,0.37511565400408137,1,0.6038790116681039,0.741448187442667,0.6517249510500879,0.3426862706947991,0.2472210327892612,0.42760239840408343,0.8596153529889902,0.6932900851325929,0.3890647014623363,0.5158620386975844,
#75,0.910260433439674,0.46807121886350433,0.22720133079548743,0.2910870851737707,0.8726202623041313,0.09061673072855643,0,0.25835659030790564,0.8121537892701609,0.6760247848106643,0.5661614674642664,0.4356951612890534,0.3704984297520396,0,0.5963869163465667,0.8677887582341073,1,0.13660303011022204,0.3142437738335871,0.5883332361463961,0.46743235359510266,0.12721837352169402,0.6834128084376793,0.7353539141525671,0.48976370133264835,0.5224978934863052,0.4710968848359539,0.30439934449499034,0.6103939624927888,0.37106171202333904,0.3569034918204269,1,0.39180326082385303,0.4766205940634183,0.6036505896060226,0.05321724377190427,0.24281612402708697,0.1755288917056774,0.7442862470918263,0.8936644528420062,0.6602664615698286,0.5445131556599045,
#76,0.7959779738652079,0,0.9661431816468058,0.0005920928973421715,0.7413762586610443,1,0,0.24121984685323888,0.7681994314908464,0.730892723668794,0.6164742308297587,0.43011226279841824,0.37781900067232993,0.057599764823190916,0.6083203681546437,0.7631805456718215,1,0.267676630679131,0.3459729063344511,0.48618169450965426,0.4829401311530359,0.18249061795842655,0.18594547828179606,0.3429296434655114,0.531734880206894,0.45633584284595685,0.541193308220567,0.29654042365379685,0.670594210608247,0.3522884269372212,0.35760097964086285,0.8168582615661585,0.43906265115146215,0.4029382417832528,0.6078309190367095,0.0951825410074808,0.24190326572665422,0.1884133757208028,0.8633261915857473,0.5214767726019681,0.6662355224184104,0.5575733830767696,
#77,0.6253186683113423,0.1687475507311788,0.3892644905779023,0.04126319591370868,0,0.45764871186680156,1,0.9379124190690037,0.193328823354906,0.41368724726069134,0.46730522016995385,0.5360564806064497,0.5187782403788966,0.4995307234352534,0.25764601638657164,0.7177892253099312,0.4672090345211577,0,0.3130219386948287,0.7612964828347807,0.5553003608068136,0.4097709321230709,0.8297950455641192,0.8330572985182321,0.4835421419056915,0.643801018742033,0.5909808023282597,0.5739958883078529,0.4417390717783325,0.4564350624539318,0.4265366289254385,1,0.5702449051481242,0.7100417921654237,0.680616831871868,0.36105532300438775,0.30905868562762695,0.4435984152478401,0.17553547433904,0.6389681060370275,0.3628299363669915,0.4902492568183574,
#78,0.23148819546870864,0.9461197205068704,0.43051272034800897,0.1882797489483518,0.1291633676957332,0.2798746584222405,0,0.5203248234833432,0.6381476945876404,0.31068714814586185,0.6247849876115383,0.6678686197276578,0.7287854835031415,0.49964905697029893,1,0.5476290496500763,0.641133329320839,0,0.9236502420366587,0.6541256850984252,0.7398144767788858,0.5583582929509332,0.3897057296298034,0.5534565036190348,0.7370950296980915,0.7038731797368522,0.6696490921366998,0.8109833467838522,0.5276375565219817,0.6551044494485592,0.5812072704805646,1,0.8726290871004574,0.7466386085171354,0.9653202028272452,0.35546728977196246,0.40360666735252954,0.438732281045441,0.25684531975105196,0.6315996289083738,0.5900497663324393,0.5056856563583331,
#79,0.7015105196015338,1,0.11632874729598451,0.3506458430018044,1,0.1909609619509188,0.9013383788090381,0.8351084748538429,0.7897388628876322,0.27280841921972143,0.5239387381321533,0.5323020009203229,0.2538450161009483,0.04245957787275889,0.3562476309065958,0.16072942337634152,0.13504610678594048,0.574172394509037,0.21005224481917883,0.43001015235233986,0.3968444124166912,0.2992951952574135,0,0.3319239927552713,0.4261239084134424,0.5154758012925125,0.4238153571950066,0.6646351165272387,0.5942330136777068,0.5129077258613145,0.20256037172407754,0.9191452929487283,0.3004566667307016,0.48896996218465877,0.5060129858271691,0,0.062254324343078205,0.1187412579407448,0.12293708519198156,0.07285440685591069,0.6001109185495708,0.37065515032907453,
#80,0.5276012322301824,0.940799232719974,0.9643078700120318,0.35035860883326586,0.8451279058046282,0.07730863549614789,0,0.2640473791888619,0.793426659305449,0.6605257142285412,0.5366392800285607,0.43228465998197774,0.3768096853512928,0,0.6138365475586934,0.8546591143046892,1,0.15247079921762946,0.28242849366223477,0.5953581137936171,0.47227473549066395,0.13645219999101732,0.6894806489346939,0.718952417748688,0.4622792008215986,0.5353168941374986,0.44426809326113503,0.3153608773851682,0.5902170019833921,0.4005795159525556,0.3617857658015973,1,0.3663601743387777,0.4836968629965663,0.6114983255568199,0.05079666117840128,0.246327270430903,0.1734210159543973,0.26793572507041474,0.09966464418612146,0.6334236648228347,0.5357155577924476,
#81,0,0.3005757682569955,0.42275837251386794,0,0.1334084603626724,1,1,0.8961238938556458,0.4039514580484022,0.8737589319287135,0.42634619573847443,0.5530134289381877,0.36681469467308486,0.5671971971202576,0.653969410782199,0.8353702172405711,0.18601584324942913,0.24654752310568012,0.1255987090189599,0.6798770283850716,0.44802863095314244,0.3317026541614001,0.7741043665028121,0.8037730440854889,0.5015424656304419,0.5618123479210869,0.5027038887222309,0.45749254241358533,0.34042317917403025,0.43491446804204875,0.3355768257952294,0.9700230864458644,0.5998604376603108,0.58535111379118,0.6242764530584194,0.35378900659645357,0.2020920518993459,0.4333981939454205,0.13861279100727625,0.5041226554485552,0.38994666858526783,0.6931032398436695,
#82,0.815240506708417,0.8383815227912494,0.2894528083305128,0,0.9381521632509414,0.773264170314538,0.9481427945650541,0.9926782393536558,0.479791654280344,0.9350943530386866,0.5034219304577603,0.5561701994494913,0.3190887749719041,0.621204122806564,0.12013155783453493,0.6830503660659752,1,0.4899884474239936,0.18389124134507406,0.6339208549584142,0.3860441139040216,0.31564027938166683,0.639474128797684,0.7732726948531607,0.4076326888481034,0.5168978233994587,0.4737663792560484,0.38927572440701713,0.5950636722462029,0.5229737416022475,0.24899088226017405,1,0.30290877797947574,0.44374829277836303,0.5632379544667353,0.27690250849227854,0.10369384887434464,0.3703170169645679,0,0.5318550084466541,0.4983500664201261,0.7081554015783961,
#83,0.4332036376906993,0.8598747320467067,1,0.13449033625958803,0.9993445617409894,0.7669027860674753,0.8754472944963975,1,0.7534875745550442,0.7628281832189348,0.5266681115986299,0.44483525988695694,0.24613454764343004,0,0.5499318869116462,0.8836778079852402,0.955499400914289,0.02664991018362468,0.2124522054976555,0.569287835917048,0.371769832010864,0.15008273593548524,0,0.4086810483722307,0.42765610314759417,0.4937593224742959,0.42954967082874196,0.29330392733612254,0.5942288517004553,0.3808361664046097,0.22413556261621925,0.9961863045177772,0.3133706187827953,0.45644328690123026,0.5246431965881706,0.06252293480828533,0.08519117271520947,0.1831397337659709,0.07179384626137143,0.30850766224374643,0.602737398110718,0.5883959352538494,
#84,0.7863956300189472,0.17432951798675422,0.6677956683862705,0,0,0.4743615566449139,0.058718493962029696,0.587324414976212,0.247675013215724,0.6776573095011731,0.5780678184905171,0.5283393021494137,0.5467670983755326,0.6118408440946125,0.37588070360658565,0.7625653450363782,0.4206003282630433,0.10503427072193273,0.5981408392155935,0.7657031222129135,0.6637266567179408,0.3821584705042368,1,0.8403257586124083,0.6491641338478156,0.6005932955443973,0.741244112337879,0.5139089304524758,0.5460695217963658,0.43947482012031447,0.5162646045124488,1,0.7393685793136543,0.6728219682838325,0.8220503030785574,0.3776149738807167,0.37487981915392554,0.45801878108272936,0.33180636990070483,0.35853109057220633,0.4280573267839099,0.5685587299177733,
#85,0.18983454568799568,0.20927198842319022,0.6846356617127827,0,0.12629568725148738,0.9392457065473704,0,0.5439849419361886,0.2574488867398693,0.7621133390229716,0.5568238697989045,0.5321020243490273,0.5331038271783709,0.615487435776161,0.7564461672482636,0.8461609642152085,0.3790866942058351,0.150273455040206,0.6498824691727497,0.7485034741918333,0.6361488183462121,0.354561799861467,1,0.8337703039401018,0.6472889332887919,0.5756574647524308,0.7246899312642348,0.4730016938249116,0.5101966809260713,0.4303780836255049,0.48997020942254876,1,0.7624308045320296,0.6284738815249691,0.8192187769109938,0.37835896261249774,0.3377370007988591,0.4586666564376775,0.2652432606276451,0.411546602769722,0.4224415762919696,0.630192439048195,
#86,0.17428645868048798,0.7235277625119042,0.8396311856911491,0.5058638657773546,0.6186619176682058,1,0,0.12240114463486346,0.5813496154778702,0.7393032842086383,0.476553672744998,0.36315525748969135,0.35638250476444994,0.31016646359109523,0.7212558378981436,0.37153681004516614,1,0.26725683261133215,0.17269038698299288,0.4829515285919412,0.4521684891029185,0.07592623347159494,0.6950493787553784,0.5425963537069067,0.5222954757839636,0.26065349469946975,0.3806550313850242,0.20527756463214566,0.41643287872987694,0.4031746945537154,0.37252793970190545,0.8075301063468597,0.4943705755701884,0.14601211909020487,0.6382785380350893,0,0.24965400713925057,0.10432207115485748,0.8663512922739337,0.41240642883141354,0.5611468500605977,0.49555021794185855,
#87,0.7725207565104433,0.009707529140165266,0.9722467057048326,0.3675839309107105,0.6009187603177768,1,0,0.22722314093557944,0.5795092819413953,0.7612764674357582,0.5163965199125015,0.3990873893118536,0.3740787495070322,0,0.7116149139553276,0.44699802287554724,1,0.27328798576225577,0.25125573670608986,0.494752414862713,0.4790343855551752,0.12216546308619447,0.6934702237568271,0.5852114187169314,0.4342525782085481,0.4340079481116905,0.4394512335109015,0.24975819117195336,0.5782052793058857,0.3362121638180287,0.3731305068106332,0.8105937527999687,0.3684853085344414,0.3604032939469742,0.6339811152658447,0.07986812017678259,0.2525221609657505,0.17426808228599802,0.8251834708201259,0.5569212643112574,0.5818369643973016,0.5355592482869831,
#88,0.12276828296641228,0.8654651735607863,0.8574297487167469,0.7271857585681395,0,0.2869580006409958,0.04316991387684456,0.13124683021203,0.4441213273933911,0,0.45709754327295726,0.5068178711861587,0.5611773224217885,0.2750482538764523,0.7645586793679352,0.3625375641001685,1,0.5763077885191576,0.7023974775527462,0.528154636217013,0.5591747359181369,0.36777270005784246,0.2800825710706792,0.34513076386302055,0.5402816033389574,0.5726635602253756,0.4724680221252519,0.7081759896001403,0.38246056032266806,0.48581928188111756,0.4515693530522905,1,0.6464234913040138,0.6425885370350382,0.759440708749164,0.10915154907190118,0.3092202316010479,0.22423723412002877,0.17564666464332618,0.4706125402560173,0.45171769262290373,0.2902805151879677,
#89,0.6256613999420021,1,0.9595111676550042,0.2971286314834368,0.9420507348023868,0.6564458927351514,0,0.21074804116038,0.6999753464063756,0.6507950051285492,0.5272632001678256,0.5240979310307591,0.38760682947042824,0,0.47609530982816495,0.16226232319330616,1,0.042979802297888954,0.2504444585497749,0.4748864195553396,0.47769563663006925,0.292245130487285,0.7363458682277485,0.5677502764632694,0.44857322364618396,0.4725196394816464,0.4326375583014983,0.6202572514353425,0.5867506602995913,0.5246635113928836,0.3687228027480813,0.8833186871473834,0.35291919963228147,0.42944181702244666,0.6232563089989839,0.03266500176473962,0.2510352675998145,0.14255806159886106,0.26110212014213025,0.052436117325536595,0.6241938282002759,0.40230295990051185,
#90,0.9616797029649518,0.01703911646333601,0.4066851503432872,0.6857746521490463,1,0.9526556235714067,0,0.2686301949813743,0.9071130454402881,0.6041557407229673,0.6685134055150426,0.4130968014445566,0.38385876555467274,0,0.6261897204217955,0.8444934568311934,0.2815796981985463,0.48686837792992305,0.40101787225866276,0.5438258484844474,0.498934210536813,0.159835661475952,0.7229842091846128,0.7557348103618191,0.5769074738107985,0.4441201651522791,0.582035282317922,0.2583142599192897,0.7238389107318828,0.3404506621617897,0.36710534645157,1,0.46095596062035504,0.43593119345046943,0.6249969104359356,0.08018208606186804,0.2478651609534224,0.1990102376232535,0.772975888365122,0.9131120275583156,0.7311621616747478,0.5653399944026427,
#91,0.4821982106855962,0.7952391925424612,0.5699391695114358,0,0,0.4254084808166322,1,0.9357864500641788,0.19591296461759183,0.39705278035493746,0.46437359178161586,0.5180903510557705,0.5077039664607476,0.47131269714640117,0.26158384995619505,0.7131627370491951,0.3989435869741341,0.03699687478895694,0.3226966457314202,0.7530120293831649,0.5499813264064747,0.3910352885802954,0.8216893924950394,0.8315081374657612,0.49284157490596736,0.6150850822448555,0.5901892402000563,0.5477561031240049,0.4356726893628528,0.43647810215655136,0.42501421309779447,1,0.5724322426341852,0.6915529957547384,0.6789041871522011,0.3741651243382217,0.30762422509414405,0.45501460588304476,0.17527374854325062,0.6428852604241487,0.3579974917732687,0.49033002172960694,
#92,0.7112388866967424,0.8800027624824245,0.9837286087940893,0.012470921335819552,0.9378536861789574,0.8571168264969206,0.9114591376935101,1,0.48634317329914073,0.9279384738211974,0.5148529228534089,0.49838927256117416,0.23988910947040998,0,0.12601034188935287,0.6283056462354394,1,0.3848876400056371,0.19020749534610465,0.5494364592029581,0.3809944108358579,0.20622161050770518,0,0.4205144518834731,0.4118101686379264,0.4761130880047453,0.46993736329052965,0.30883713804505425,0.6073716953586935,0.4386626832337983,0.22937966919477323,0.9665913268006352,0.313548165794387,0.38159674020139156,0.5465753569270867,0.12230929644653885,0.08271929744757452,0.2313792238128575,0.8199874365339508,0.5875750769466969,0.5259431216805773,0.6726059941244292,
#93,0.05497226918330445,0.2784457919420297,0.5221271640484102,0,0,0.8539424717887897,1,0.9366612307058348,0.1351332977521484,0.6967166262990748,0.4082961859025922,0.5137297148949129,0.40277512261844056,0.6195910176165259,0.559404521244494,0.822420235543869,0.2636338648310626,0.1552349446040276,0.48627552138295727,0.7356911368801635,0.4849954050887403,0.34318869143050473,0.7998004361931851,0.8058953822295594,0.4880848263183173,0.551809864810087,0.5463568779073807,0.45220440034077025,0.37040803629170876,0.40997769201449613,0.3739303914247413,1,0.5922321531797444,0.6091246033306794,0.6477526738362694,0.3836449752840823,0.2473243898796262,0.4632697870894879,0.7269529012953102,0.8527880692245713,0.3086214770120037,0.617328649136552,
#94,0.05477370730753887,0.25347957647205677,0.4937830221630126,0,0,0.9067109887141078,1,0.9339846229816704,0.1891977303796013,0.798240084878936,0.4270396673102298,0.5350797095682067,0.39530057152084297,0.605827480818079,0.6068314694679772,0.8566280378351545,0.22802486839791453,0.16483877306597378,0.5099690912177616,0.7513997577181852,0.4715748062826329,0.35022167720307357,0.2074869039240784,0.6302890154922111,0.5101480859779693,0.57514971129646,0.5638813558820832,0.467967477982314,0.37164022703362554,0.43797257197835726,0.34114492365264876,1,0.6064296938663961,0.6370085141282242,0.6333382576022298,0.37682255457019437,0.20604477999854137,0.45732873173098265,0.11750897076744098,0.46981261153851345,0.31389303609856184,0.6405117473393175,
#95,1,0.11266947644348906,0.28649572827306913,0.27842129887315825,0.8441169941261356,1,0,0.229325690277121,0.8508173036280736,0.6987123005476745,0.6627850202535439,0.3960662102349977,0.3971084728524594,0,0.6292334806081509,0.7583098702909079,0.27693716088224196,0.4650031423677148,0.39012301390162796,0.4880890493360708,0.5124919703081257,0.14809697789390347,0.7369076260431681,0.6590926876319569,0.5720783794154546,0.40790945555192276,0.5909730788871096,0.24565194413904584,0.7219197297667803,0.32418217230396806,0.3781510209680948,0.8523369296468365,0.4649162316324575,0.3738659496236777,0.641843277688071,0.07379236063067769,0.2562287947427294,0.17436988868539677,0.9197028337113528,0.490430569551426,0.7065729653839447,0.5422357790008183,
#96,0.8614601719470277,0.050154001024732636,1,0.036717384359086516,0.6438524369690917,1,0,0.22177333270770033,0.6723495294990863,0.7637497446071646,0.6159657842724019,0.4189447563814382,0.3790845481297623,0,0.3052330127005246,0.5178521270834864,0.9906477668069251,0.3447539467665779,0.35221079178663317,0.441832758296782,0.49561393495856676,0.17456969027756206,0.19637159764957662,0.3411376942639289,0.5344810417332078,0.4010762709882905,0.5768409966708562,0.2575624422480721,0.6892550776276029,0.35526403343140683,0.3637946135416907,0.7865551261287257,0.4502894524109682,0.3184428631789073,0.6188228606950519,0.08729501733019453,0.24587832722346992,0.17763005530895215,0.851129538831572,0.5091988976293015,0.6192470251669074,0.5647704336225504,
#97,0,0.597721897546267,0.8273613484145921,0.7085811690248751,0.017127709668170548,0.2782362067970751,0.06826446089144313,0.16766519931108342,0.4632486134363773,0,0.4330560553266696,0.44596944597076305,0.5891792727091064,0.2523573562469692,0.8104362479938222,0.4329963101253295,0.7802299065153087,0.8160970865988071,0.6963021682114253,0.5765398716059235,0.5787017053984024,0.3547055062765347,0.9526598199237923,0.7623350357602547,0.5002478282607085,0.5357621116376649,0.4031836217535821,0.6197813228896824,0.3704106522585482,0.3781523928309581,0.4912943859510229,1,0.5947872705644435,0.6324547495304371,0.8198118487747319,0.15310304093839178,0.3393992149680177,0.2625107820611833,1,0.5868816237555282,0.4950979263758709,0.27143900967267987,
#98,0,0.5163077940451845,0.6770398570060002,0.7561629365163124,0.20965776896616597,0,1,0.9233244475368215,0.376513932290982,0.15238115616010672,0.36433656135008313,0.5209225828787672,0.48881577880858634,0.366520503931812,0.655471140259266,0.5182358366300522,0.6025297794017292,0.8335078968163948,0.5714856080663702,0.6395944482737824,0.48408721483994055,0.4558539668071988,0.7697534324203226,0.7843766703396006,0.42052381749320517,0.5923572356120784,0.3443063800749048,0.6662117483846689,0.320780910135476,0.46626885200244406,0.4182674524363722,1,0.48825049124198056,0.6830709902658657,0.6723805025843157,0.30028052359352747,0.30077432172280694,0.39067490571302393,0.16023701460848952,0.5238177498642171,0.40313660475043656,0.3691114444018665,
#99,0.14659201631728289,0.8869924886249695,0.31564499516355987,0.1265003671727507,0,0.3430536408287872,1,0.9333674123994318,0.28120774986060737,0.3132505317429517,0.3895057408933033,0.631655910384918,0.461933482949674,0.47283191408577346,0.6646787002739031,0.5409759057938364,0.4453109415061866,0,0.12057244023285205,0.7463076787950326,0.4946249086204411,0.5293321372358916,0.8141897767149527,0.8272147452150254,0.4880520388645495,0.6503722445307394,0.42502725678929926,0.7532676476188682,0.3407490156100776,0.5823619069857068,0.377237632469303,1,0.5566861886266135,0.7258295684392868,0.6502508963691493,0.3666282400838583,0.25100569324679334,0.4484513861017331,0.13178670861457253,0.5987310870581903,0.3640604108983495,0.4874130158378607,
#100,0.3052042808796172,0.6498923384494462,1,0,0.5033062254455454,1,0.9865893988625672,0.7741369786365503,0.5006586200489127,0.7641480850973972,0.5142401380141146,0.4075174033828978,0.19958670615794608,0.05179421482358144,0.5826531365304582,0.7305894590126848,0,0.3596137898353771,0.14961318317948052,0.49360515678393996,0.34770438255459646,0.1810425634076543,0.6790493908076101,0.620577027137577,0.40069454773921287,0.4061032312020213,0.4324430209831563,0.27128243076809305,0.6050858583345108,0.36101637460068875,0.18755042281475912,0.8376799693289132,0.27092308666740894,0.39344137863700884,0.5320611731063603,0.13060128490273445,0.02826050601326615,0.2219463781061164,0.8645540148380402,0.5222466744522046,0.5629811595680048,0.5427423339474482,
#101,0.032094474404392566,0.3545017210252164,0.6499737784204633,0.8168563576684723,0,0.4924637432470653,1,0.9320215664798445,0.33218539141942155,0.26932612998932715,0.353400119137213,0.5972927088448172,0.47671666455253703,0.4613158649459763,0.6537721303076351,0.5780068284697069,0.4788202332063189,0,0.5737071161710839,0.6836995781375685,0.4744370898641166,0.5310522645770406,0.7725591200184959,0.8168415473581155,0.4189548812631721,0.6550969351727152,0.34311095652788737,0.727236970341627,0.310274572589473,0.5453727984905056,0.3971655089291641,1,0.4926817870683933,0.7301552959118054,0.6609029252003603,0.38041316033362027,0.27522240248119156,0.46045547933358316,0.1384259959091025,0.607461585195638,0.3827648012090064,0.45597394181352985,
#102,0.46671039457465485,0.09158636163775516,0.7054839213248029,0,0.12087097718032005,0.9410256807566448,0,0.5378829464642877,0.25113475531236745,0.7630404294839428,0.5539798005953057,0.5345508322399665,0.5305742026426294,0.6160804463749395,0.7565200388720777,0.8479129730333419,0.3142816679034757,0.1851763599647558,0.650081458062434,0.7489433719071028,0.6357106409817324,0.3564272187028701,1,0.8338747797462482,0.6441067374961733,0.576975634872479,0.7223078497300925,0.47493534937915216,0.5100400778510386,0.4305274421362067,0.4896366349062224,1,0.7603459404454425,0.6294647457361129,0.819262925938887,0.378433106935659,0.3372287799126248,0.4587312223076074,0.26012627090885837,0.4142332268780168,0.4198513388382718,0.634200904841005,
#103,0.08609656478106235,0.8196629689479329,0.865622885781275,0.8104270151227703,0.17542076263727174,0.17006623421156467,0,0.5101576400998141,0.4448787250752014,0.27585476839850714,0.4673959506408837,0.6116104783957238,0.6038260335377416,0.46664448701220607,0.8366299552235001,0.5715286908434345,0.6050571689132315,0,0.7430862527059175,0.6768825185267481,0.6052223814930355,0.5362906989924107,1,0.8243613901032754,0.5543255883186546,0.6631198832270239,0.4650376778993936,0.7476665087476362,0.3980050519132561,0.5773904493351252,0.4992430282414547,1,0.6498314097604181,0.7331420402546408,0.8328903898739042,0.3777868753623939,0.3449759685619351,0.4581684751959602,0.18320277503749852,0.5998500657339496,0.48528378635945313,0.4652066106285033,
#104,0.7911152237651249,0.18446150025974148,0.6515734349368847,0,0.04736647804654679,0.8343031712851596,0,0.5136788462362895,0.1836501767998547,0.637445460658739,0.5541314837406326,0.5256820162689971,0.5189490986164542,0.5994339273880814,0.32861221962732906,0.7567834544948417,0.3865522123584676,0.10265708176995904,0.5544801569538342,0.7647120936845508,0.6436471623886738,0.3833592658785765,1,0.840997540898914,0.62465430777678,0.6014914622922491,0.7259643936396434,0.5174770000042066,0.5164737327414816,0.43733529407837013,0.48515019483699445,1,0.7144446523714906,0.6778027379335181,0.8108481610496526,0.3784614196098964,0.33455866207200197,0.4587558773636418,0.26556557823463134,0.37198009790626296,0.3941722797736561,0.5638094911749428,
#105,0.9896118301974194,0.4758375623186661,0.982998813881376,0,0.4540045441624621,1,0.9318849987197273,0.7778842367326035,0.5530678311172077,0.771101300694211,0.5197907890031636,0.4186545312288839,0.2400619199701988,0.003212790090857584,0.1259452477044559,0.5213611508704695,1,0.3025058550825051,0.1927815072675448,0.45530404802707164,0.3831040264118981,0.17474315087494927,0,0.34640781971791945,0.41734055614649707,0.39895729743715985,0.4747830886915677,0.2603999290050069,0.6142862641914787,0.36431916529716396,0.22814840616290574,0.8019818789330122,0.31683167211305735,0.32081562808404473,0.546863342306331,0.10121751052435897,0.08078558622562308,0.19174687869198404,0.8157630048652295,0.5152624726399685,0.5269213745406758,0.564249133429179,
#106,0.4882479686535729,0,1,0.632489430653958,0,0.7153062983439241,0.04447214007770168,0.4014524386963551,0.17968078537142992,0.5359668065335165,0.5208552345014088,0.49319605961483676,0.555538014894593,0.31248317677762266,0.2813335207633224,0.7181649274664397,0.7881303054122898,0.8195649990562589,0.3597653330958513,0.7494783081332738,0.6363933277686636,0.3241771206954032,0.9631481047883308,0.8163555195715311,0.5586736805514514,0.5986736722899524,0.6699875533320061,0.4933366565848991,0.5002678469333321,0.3977702902345778,0.4864966169208347,1,0.6680137690442691,0.6383435853169639,0.7885725462404585,0.28795344464402245,0.34682710121391186,0.3799403202163258,0.3145017256062238,0.24328723222551488,0.3846975306284651,0.49809163219846697,
#107,0.8378471685221873,0.8612756980076997,0.25914413770617034,0.26867444897405346,1,0.4759523641031074,0,0.17881820502406937,0.824880970657809,0.36091468363679813,0.5985427086232958,0.6035286736267231,0.3660145228026464,0.005767418706284796,0.5299647740764384,0.18445622956429605,0.31953901733261086,0.6578785229805665,0.3425730441560129,0.44822670692081185,0.46817685529396413,0.29798245212423674,0.179095477424182,0.3727043648900491,0.5098495714581279,0.5230706554251137,0.4969452275936447,0.6922455450420304,0.6192165889111056,0.4943537653645069,0.3341485731419234,1,0.41332835800262857,0.49239346052451194,0.5664347028704345,0,0.22674745939648286,0.1291866028708134,0.7025060990835381,0.8908586270484543,0.6786300970214704,0.46479046710099386,
#108,0.15329451735850697,0.9040671359407805,0.3591927531445245,0,0,0.5083204298334941,0.002121036926409191,0.32148692562326076,0.4869850324787622,0.18088428349969565,0.4771077255713349,0.6015031076960989,0.5768365700982628,0.40067835851530675,0.8024252922411921,0.4712032599394071,1,0.6974261185844615,0.7356264194444424,0.604051312373028,0.5830467735506883,0.4724590598701212,0.28832628668107807,0.45785555117271914,0.5690219658579763,0.65059727267961,0.502064414746294,0.7647919818969241,0.4014449971165298,0.5626313327416818,0.4571654863456428,1,0.6812665694266501,0.7024784930303422,0.7789206742463227,0.24675808194968282,0.3083969586066187,0.3440668464824989,0.1817454074259346,0.5580795553141398,0.46653005486702487,0.41796011463068483,
#109,1,0.1861470196967145,0.29722064745609444,0.2801267447835656,0.8436575434790111,1,0,0.24741092900585845,0.8406150612629322,0.6554638315693098,0.6527600187522052,0.40120092478786407,0.3850327376033408,0,0.6115853725898622,0.7757987921612185,0.28759866455784644,0.5499288392006009,0.3950401656134602,0.4991178090276729,0.5003198807556642,0.1697364335331449,0.711210231617871,0.6855597198438491,0.5663854508105794,0.4000795509027231,0.5922025157094414,0.24344228082992453,0.7149428159409502,0.3339901586548802,0.3634854908905123,0.8858691166896822,0.45995656016703884,0.37723951826184804,0.6146467395253455,0.08604879581542328,0.24735717162924536,0.1893748659762127,0.22451431555828236,0.38478023072061374,0.6794492263272246,0.5545819339012533,
#110,0.620572948717225,1,1,0.22440531166350705,0.846743407874496,0,0.9507959508502518,0.8325251763529188,0.8224973236709862,0.4038561326039417,0.5147094128338855,0.555588019978578,0.2671002754064808,0.07996413117615948,0.384573395977074,0.21397644590370654,0.08722347026648167,0.289962256120614,0.18017104159089486,0.4890108519387742,0.40390822548473543,0.3412131430295966,0,0.3760159951630611,0.416422945300544,0.5187685663462667,0.4044298221946173,0.6581475552217612,0.5875599878623373,0.5447790951235316,0.23467490351192255,0.8966529856244472,0.2970381177864952,0.48786050015272625,0.5454841002307151,0.08281095501721412,0.09096742545914749,0.1879484422248471,0.745263451971986,0.750254315034779,0.6175614150867321,0.42717310465712915,
#111,0.5415764252854318,1,0.9660567391715421,0.2580392325562364,1,0.5721586232103247,0.909798297758321,0.8658459187351744,0.7613135507133835,0.3259195148704156,0.48060864539651077,0.5569546824652062,0.2517798629325828,0.08566239606331066,0.36415576127745225,0.22192996696643535,0.974179146705492,0,0.15011030842699935,0.4954387935642056,0.3809535745496714,0.34445444477971837,0,0.3443725846015413,0.38625594906421534,0.5081790883264272,0.3691642088504243,0.6504153700874907,0.550494850802788,0.5524723645043916,0.22875482222493593,0.8948201102515668,0.26975097050205343,0.4857744505234875,0.5336142962410553,0.09793650824787349,0.08779829122823561,0.20088319367418794,0.7110082711016693,0.7548428413827876,0.5931065393926014,0.43994622181951354,
#112,0.6369605185344631,0.2092586966497284,1,0.6973283646199281,0.00852442743005296,0.31700525573333654,0,0.5105794787364254,0.19623388408775772,0.5541148575525319,0.5004544715376752,0.6445278420663374,0.5650637946215821,0.4089976050425528,0.26885070048718285,0.7123484986256374,0.43033566816503993,0,0.21085681277932886,0.7786309952515003,0.6359293613536382,0.4851998581740281,0.9908141186084971,0.85483466701869,0.6245705179280562,0.6166072386642729,0.6111059193165667,0.733444405606402,0.4854756316817177,0.564002705558044,0.4771529909297718,1,0.7223313382989347,0.6525396111366747,0.7898835484954869,0.32146044935687823,0.3325571417327207,0.4091186688179514,0.3263726014922586,0.2843553222745642,0.40812870540706714,0.5230117643460622,
#113,0.22757795190632674,0.14686828742814353,0.6839190265761511,0.7893005878321541,0,0.535020589121435,1,0.9380474259004764,0.1810146181013838,0.49538172727270247,0.4583818665642687,0.5154811975987299,0.4985870616606604,0.42928176894116143,0.24078042623126225,0.7112102558587684,0.40711573708535614,0,0.29468034074608007,0.7542933671483983,0.542761977825857,0.35964302873215925,0.8147722027482209,0.8319445786668714,0.4764756030797147,0.6239821644085406,0.5739358735825629,0.5358456531466234,0.42504592824023546,0.4286925976830804,0.4274192942676315,1,0.559328658156587,0.6859686215195421,0.6789746913340584,0.3365528170904504,0.3111087343336921,0.4222613048347463,0.8056997696513172,0.6910422673590486,0.3586637618806865,0.5014147503864201,
#114,0.7284077678598041,0,0.10729311111143952,0.3810766344872186,1,0.8002049331377991,0.8518334966544173,1,0.8103146652600923,0.6243409950170682,0.5240521579875475,0.4976713919960657,0.24206135972767065,0.11065401419836604,0.5223502477341314,0.8900932691630674,0.972437801053794,0.17378638276926067,0.21579596670881984,0.6130545150324085,0.35913177484729136,0.22577583946358842,0,0.4411803697973589,0.4288250369304301,0.5628239000443334,0.41129682355125724,0.37056413506065966,0.5710403748434213,0.4179585005197921,0.21685469041850805,0.9959756016927145,0.30769320265041405,0.5264791227455382,0.5089330653859773,0.13949533712155002,0.08180769984215128,0.2501411129273942,0.6661155501142381,0.9284382054429201,0.6198662306238555,0.6082119820732476,
#115,0.40077983650754073,0.825061360209681,0.10951238686644965,0.3340462065844945,1,0.8321003126728205,0.8691162913557618,0.9989947157692372,0.690318512155257,0.8891109282934839,0.5383904135291577,0.4702234864916407,0.23545167140522283,0,0.5163457381873527,0.9016295691164145,0.9797986852618982,0.1624029359372197,0.21512424674018163,0.569374911855815,0.363587550680936,0.16575006613122342,0,0.4016338766954196,0.4352920191703023,0.4963000623525761,0.44343578199180633,0.29767726875879713,0.5966256397567576,0.3800191987918029,0.21215998733198996,1,0.3180587431194244,0.44682565538120644,0.5134360316224,0.07396009099196175,0.07286031093964979,0.19359204095950736,0.8331376547945206,0.5382380752451154,0.6025828616658356,0.6376603248224589,
#116,0.17417589653607582,0.05753377686895419,0.6156056321897441,0.7901600420199776,0.040626288651090046,0.8343917051922008,0,0.43254077087104864,0.21751882838056422,0.6685184093858246,0.5303343337913877,0.4327555141526625,0.5130945551976843,0.5439577513017149,0.7406758641587684,0.7971316086338774,0.3811847292352897,0,0.6290797989119269,0.6833753505454951,0.6077734891356424,0.23377432153454242,1,0.7697134279148181,0.6253991917418461,0.47391314424268977,0.6925230769714456,0.35946237819779286,0.4765433587543688,0.31974840172641755,0.4715119216242041,1,0.7447589325128193,0.5457936199365604,0.7984033727508493,0.28461101066220396,0.3203685625011316,0.3770296839259384,0.9212803244233991,0.8271209882199032,0.41137612201155277,0.5564947908465525,
#117,0,0.21646652353770643,0.4395531109732634,0,0.5327466427867001,1,0.9979311854053968,0.8317593021092968,0.5603962921205475,0.8147583439789089,0.44072821841337123,0.49882457510530115,0.3932862939366513,0.24724283764451951,0.24215212173896206,0.6444782456463609,1,0.5426844992215923,0.1723501559789164,0.6231714595021315,0.46332063240360116,0.3135730829810281,0.7264683817037783,0.6958377387456759,0.3848632709483531,0.525470977620047,0.42284328403893046,0.4107862761890427,0.30408010623158577,0.35964159508854293,0.35976428443327507,0.8727106056878912,0.5082980350107953,0.4918349604281199,0.6421114059148231,0.32631121566351834,0.2292166906299787,0.39689869667145167,0.86704089510261,0.6757864369643481,0.5345970687720802,0.6547328888819406,
#118,0.3196887459042557,0.10602414038711692,0.5850274875216245,0,0,0.45544024141082035,1,0.9371673708569768,0.20489940261592554,0.386522193991041,0.4803944721602822,0.49416795686993326,0.44694535239960315,0.5692666026999841,0.26856902318154735,0.7101053389516613,0.6562065106909928,0.8336217347055832,0.34768677210321397,0.7457551082927555,0.5493929298206075,0.39120756901168596,0.8213607124651723,0.8303460564760288,0.512519685412831,0.5947311112555658,0.599791785375221,0.5325646780157473,0.44109147399020326,0.41818885980704995,0.4204934193778897,1,0.5690678575136084,0.6907872566787405,0.6754556224417497,0.38245958767067023,0.30260766957416946,0.46223753567493775,0.17540008328070175,0.6444903138513195,0.36361698013413873,0.4867732572874889,
#119,0.29868046800881964,0.11449498653163723,0.8853434058346353,0.769464009630368,0.016412745428554372,0.6950495826579945,0,0.46982760781274097,0.3773164939409793,0.6915443811642467,0.581369181740306,0.4798504445603877,0.5255801648518098,0.5575203286900561,0.30664938363153693,0.7175164007432171,0.48490430083043734,0,0.5183819802412662,0.7502575605431256,0.6268645440427598,0.3389759329694675,0.3000592521616684,0.5836120944103843,0.6439867819499503,0.5734105881420326,0.7309963928772716,0.48825120517630266,0.5136731386147494,0.414226939308805,0.4682726974606235,1,0.7060927149301262,0.6784656998564486,0.7882891404958952,0.3502276713438481,0.3203081055195839,0.4341695511223941,1,0.7242402972392515,0.43186158414722325,0.5014110263791411,
#120,0.45158020076508526,0,0.8749748482849921,0.6329956105353678,0,0.29144848105021515,1,0.942813763376048,0.24910060017602897,0.24842987508623657,0.4903872298424081,0.44954953696763983,0.4431987095193283,0.5312923106342758,0.2638334360821693,0.6835323359178848,0.6941925803583671,0.8069186026293933,0.3396632004291,0.7246895888912209,0.5412438567237275,0.31546685753120135,0.2623774433915259,0.5583467204743512,0.5203730478603044,0.5655634198177772,0.6097935744124292,0.4878528744339934,0.44557597830272433,0.3829532262112428,0.40513282331590283,1,0.5842989072153969,0.6690266227947869,0.6707651467597808,0.30815022634001865,0.2823135769923893,0.3975279482960928,0.15485273616977685,0.5976195227108732,0.36223338112579256,0.42960032000920373,
#121,0,0.367019403445083,0.43330042855819795,0,0.006836685792065661,0.9026375719131398,1,0.9315991117790797,0.197524097280633,0.7984794286807728,0.41762445275688803,0.5448325258546667,0.4034282684166457,0.3684232256824831,0.6051056715391491,0.8511093645821897,0.19761964289145306,0.18087148560452088,0.5091600789145342,0.7508397300162847,0.4676312626641092,0.34328056166786436,0.2063228284882931,0.6159986190360079,0.49926862536522565,0.576375331166745,0.5496209970767479,0.4597635259489253,0.3540167952314795,0.45289281976229,0.34315265229687064,1,0.6034172978635262,0.6148314434753199,0.630922004830776,0.3655393638789297,0.21009800542635526,0.44750317811466606,0.77829404387977,0.8424193534681546,0.32532694937092177,0.6465516508871617,
#122,0.21511581672916458,0,0.7963993662951251,0.6309422590073379,0,1,1,0.9173321265303948,0.17334834342105607,0.830712627265954,0.3533041875004227,0.5230286871850236,0.3558218376624987,0.21439565000585806,0.5968636091656107,0.8385183307470068,0.09137384631585874,0.14053063452789744,0.029565735211558086,0.6494187198532291,0.4140200031121877,0.2708879710586031,0.7454919794877148,0.8089074218206441,0.44647279447081645,0.5582978503691777,0.45010171182422576,0.41410996363021113,0.28785798565699716,0.40837786250516667,0.29067311628406606,0.9920914210520407,0.5535448102122401,0.5346895884092743,0.5998101924195574,0.259929040026415,0.14773876925367763,0.35451461078092167,0.06420030589448984,0.4055036754342483,0.29810190687756327,0.6538721806850617,
#123,0.7176902557378031,1,0.9486348629923177,0.03548860068862612,1,0.5875205167060435,0,0.1642707502918947,0.8401144773852933,0.3159358400111294,0.6072249693250906,0.534476842639881,0.3806769896484484,0.038707808632000636,0.4841044557159081,0.15557519851539744,0.2803783677135094,0.5007384841152811,0.35491489340578664,0.409825743051078,0.495239867290967,0.29026985642964426,0.19525215923108324,0.310353092109363,0.5264815646683692,0.4918689563678207,0.5188280450336429,0.6496137982270305,0.65882052521888,0.49127693434726427,0.34752049023618564,0.9216674245288418,0.4251000283170167,0.48190056889515476,0.5913799711239286,0,0.23476825713755184,0.11906708355157286,0.7626430751277428,0.7685155293626437,0.6830630966708322,0.382503005676148,
#124,0.5721849504222336,0.7567870063677968,1,0,0.8849479934899562,1,0,0.3154915161532012,0.8794853816573909,0.6550273467855143,0.6702308855631081,0.4519092383324071,0.39388987736588926,0.08903038718898822,0.6520306689909615,0.8132739032233156,0.28309153016401534,0.5549244148267805,0.3995859262232275,0.548594654001283,0.5124534601937496,0.23926054678331574,0.7438332326632656,0.7149419196460595,0.5789550029513798,0.452555554117925,0.6035787792018455,0.30976813151114857,0.7368990588931371,0.3957513222332795,0.3748661314817307,0.9135371974941966,0.4688095109901537,0.44196919956226416,0.6355601585828826,0.1650141181971472,0.2543301834672196,0.2617132719819335,0.23398795629466845,0.4081865180562781,0.7016296868462719,0.5920292332090898,
#125,0.6167357230640063,0.9794297822952709,0.3119791749585831,0.0826730315731082,0.9947914597186074,1,0,0.28808181836943514,0.7931837519207859,0.8571225868119051,0.5852267027283813,0.580126159994023,0.4609675438084256,0,0.836127658839095,0.4462310117074326,0.27107383992537,0.39140973784636657,0.2692051724912399,0.613925448407281,0.5641839006444255,0.27785484479149236,0.849032984335876,0.6470822876041658,0.6172772653292207,0.40024120732928287,0.47993604274081925,0.4688657637651251,0.6503690838990995,0.5452150602167058,0.4346563080801504,0.9025405117174137,0.5028143563190783,0.341308653333026,0.7339493420362357,0.13393722123635632,0.29627350743378833,0.2332304692889331,1,0.5306688650300635,0.7115604895613977,0.6422320736667111,
#126,0.8223695262971125,0,1,0.05561297560898537,0.9676969688653267,0.9640708868183626,0,0.3132419995175465,0.8715934218946642,0.6280422357908647,0.6169247492557176,0.4745699939161847,0.38000810128376056,0.07530744062260246,0.6197602395554508,0.8781816880205636,0.26448450498070425,0.4995298617120861,0.35775234890909613,0.6121015310615134,0.48572460764925734,0.20149669232509354,0.7135861658754677,0.7648113316397545,0.5326520128723958,0.5342871503293583,0.5226408725970452,0.3443836579679724,0.6693085042567268,0.4074171308698053,0.3658530749774585,1,0.42572735329058664,0.5030655307796685,0.622036659081691,0.13209035490848306,0.24740260060668431,0.24421265355666946,0.7735831824455714,0.9069697363269292,0.6988722296096944,0.5953130398825676,
#127,0,0.6839402047789598,0.29965332377159465,0.12816055330186854,0.008623891489665022,0.37239693967705795,1,0.941454784841502,0.2936304090677735,0.3257547968776198,0.384206553435762,0.6463801746074295,0.46590022300254225,0.4708113336779701,0.6615757940259782,0.5419458056494365,0.41545060578006643,0,0.12364652757154372,0.7536932884260967,0.4899655893330005,0.5319327921486569,0.8078018483166847,0.8399276067340123,0.4713653291156819,0.6779572916490605,0.41551256628349537,0.7702229303262726,0.3359032945035711,0.5871221093434309,0.38042374638491205,1,0.5554242217298663,0.7324006208294606,0.6520242907552892,0.35314217777892537,0.25484500006312477,0.43670754237207854,0.828578548492638,0.6923790651302159,0.37657896135829205,0.503687615237934,
#128,0.9501098691580596,0.7272335748218599,1,0.39108977107088283,0.00293260214336878,0.6079270128182476,0,0.4465463554924533,0.2676997857189026,0.3054070858433823,0.50044941793832,0.5810369617248194,0.4239815414766831,0.4877225683010418,0.17989589138028647,0.6806008105346711,0.3625596952222754,0,0.2851368723715644,0.7409141258193693,0.5143512315225609,0.48046826552185373,0.7684570281840207,0.8766493039862647,0.463098185230476,0.6387325720169277,0.5582277975147197,0.6755239596773684,0.6496796555933614,0.6159958887010902,0.3628887973966106,1,0.4513582802608584,0.7417286861453052,0.6203471863486063,0.35214756423334886,0.24384889712848354,0.43584141957162437,0.7464109504579142,0.724609882833493,0.3560661042430889,0.482363781105805,
#129,0.8330513025766726,0,0.23999499572885308,0.6921580176323668,0.9968434899819162,0.821647257004217,0.8718090423697151,1,0.7102287344241718,0.8491091473053433,0.5472660561256356,0.47179514928934174,0.23538866606471573,0.030530277115205652,0.5236449208511693,0.8902364362648425,1,0.23737575436985917,0.22075834673058323,0.5593643852404887,0.3690881503598247,0.19431785918319247,0,0.43497596228481283,0.44547198554971457,0.49164200590167595,0.45738401479853946,0.3081323630071366,0.6188279111494186,0.3925033056745573,0.21143399339739868,0.9930693179347724,0.32445330363648717,0.45557720518103234,0.5166869788429129,0.10207219001248924,0.07029551625592434,0.21717708213642056,0.06306366145935632,0.3604718533304586,0.5995398668007867,0.6284950530439918,
#130,0.4790108263201907,0.037834508900910446,1,0.5266836651412724,0.06023214066823724,0.7671705214060016,0,0.15511203759212025,0.2177641222489812,0.4661646053131027,0.5342537168393784,0.5494078734153957,0.5124869556000475,0.2414872215696533,0.5929379443455244,0.14825941599525239,0.9017539642383955,0.6883309902189401,0.19956011194479906,0.6687384607065544,0.5885649375643566,0.325389580641504,0.317804463702534,0.354148471356127,0.6361036682334729,0.5217498542229541,0.6414662265236135,0.6965594359043537,0.501060220802135,0.6251156300765409,0.4286634837456649,1,0.7330573590850996,0.47538755579886377,0.7250947549434908,0.008683305288611352,0.29160386372946573,0.1367481414474989,0.3048180559406015,0,0.42467633871812666,0.40292388801283285,
